dir_00,dir_01,dir_02,dir_03,dir_04
https://f004.backblazeb2.com/file/dof-mos/Scene1/fl_60/dir_00_F2.8_align_whitebal/0000_bottom_right_IMG_4338.png,https://f004.backblazeb2.com/file/dof-mos/Scene1/fl_60/dir_01_bokehme_dfs20_K40_dispfocus0.15/0000_bottom_right_frame_0000.jpg,https://f004.backblazeb2.com/file/dof-mos/Scene1/fl_60/dir_02_drbokeh_K15_fp0.3_ls71/0000_bottom_right_IMG_4330.png,https://f004.backblazeb2.com/file/dof-mos/Scene1/fl_60/dir_03_demo/0000_bottom_right_IMG_4330_20.0_-0.42.jpg,https://f004.backblazeb2.com/file/dof-mos/Scene1/fl_60/dir_04_bokehlicious_F7_intp/0000_bottom_right_net_large_f7.0_IMG_4330.png
https://f004.backblazeb2.com/file/dof-mos/Scene1/fl_60/dir_00_F2.8_align_whitebal/0001_top_left_IMG_4339.png,https://f004.backblazeb2.com/file/dof-mos/Scene1/fl_60/dir_01_bokehme_dfs20_K40_dispfocus0.15/0001_top_left_frame_0001.jpg,https://f004.backblazeb2.com/file/dof-mos/Scene1/fl_60/dir_02_drbokeh_K15_fp0.3_ls71/0001_top_left_IMG_4331.png,https://f004.backblazeb2.com/file/dof-mos/Scene1/fl_60/dir_03_demo/0001_top_left_IMG_4331_20.0_-0.42.jpg,https://f004.backblazeb2.com/file/dof-mos/Scene1/fl_60/dir_04_bokehlicious_F7_intp/0001_top_left_net_large_f7.0_IMG_4331.png
https://f004.backblazeb2.com/file/dof-mos/Scene1/fl_60/dir_00_F2.8_align_whitebal/0002_bottom_left_IMG_4340.png,https://f004.backblazeb2.com/file/dof-mos/Scene1/fl_60/dir_01_bokehme_dfs20_K40_dispfocus0.15/0002_bottom_left_frame_0002.jpg,https://f004.backblazeb2.com/file/dof-mos/Scene1/fl_60/dir_02_drbokeh_K15_fp0.3_ls71/0002_bottom_left_IMG_4348.png,https://f004.backblazeb2.com/file/dof-mos/Scene1/fl_60/dir_03_demo/0002_bottom_left_IMG_4348_20.0_-0.42.jpg,https://f004.backblazeb2.com/file/dof-mos/Scene1/fl_60/dir_04_bokehlicious_F7_intp/0002_bottom_left_net_large_f7.0_IMG_4348.png
https://f004.backblazeb2.com/file/dof-mos/Scene1/fl_60/dir_00_F2.8_align_whitebal/0003_top_right_IMG_4341.png,https://f004.backblazeb2.com/file/dof-mos/Scene1/fl_60/dir_01_bokehme_dfs20_K40_dispfocus0.15/0003_top_right_frame_0003.jpg,https://f004.backblazeb2.com/file/dof-mos/Scene1/fl_60/dir_02_drbokeh_K15_fp0.3_ls71/0003_top_right_IMG_4349.png,https://f004.backblazeb2.com/file/dof-mos/Scene1/fl_60/dir_03_demo/0003_top_right_IMG_4349_20.0_-0.42.jpg,https://f004.backblazeb2.com/file/dof-mos/Scene1/fl_60/dir_04_bokehlicious_F7_intp/0003_top_right_net_large_f7.0_IMG_4349.png
https://f004.backblazeb2.com/file/dof-mos/Scene1/fl_60/dir_00_F2.8_align_whitebal/0004_bottom_right_IMG_4358.png,https://f004.backblazeb2.com/file/dof-mos/Scene1/fl_60/dir_01_bokehme_dfs20_K40_dispfocus0.15/0004_bottom_right_frame_0004.jpg,https://f004.backblazeb2.com/file/dof-mos/Scene1/fl_60/dir_02_drbokeh_K15_fp0.3_ls71/0004_bottom_right_IMG_4350.png,https://f004.backblazeb2.com/file/dof-mos/Scene1/fl_60/dir_03_demo/0004_bottom_right_IMG_4350_20.0_-0.42.jpg,https://f004.backblazeb2.com/file/dof-mos/Scene1/fl_60/dir_04_bokehlicious_F7_intp/0004_bottom_right_net_large_f7.0_IMG_4350.png
https://f004.backblazeb2.com/file/dof-mos/Scene1/fl_60/dir_00_F2.8_align_whitebal/0005_top_left_IMG_4359.png,https://f004.backblazeb2.com/file/dof-mos/Scene1/fl_60/dir_01_bokehme_dfs20_K40_dispfocus0.15/0005_top_left_frame_0005.jpg,https://f004.backblazeb2.com/file/dof-mos/Scene1/fl_60/dir_02_drbokeh_K15_fp0.3_ls71/0005_top_left_IMG_4351.png,https://f004.backblazeb2.com/file/dof-mos/Scene1/fl_60/dir_03_demo/0005_top_left_IMG_4351_20.0_-0.42.jpg,https://f004.backblazeb2.com/file/dof-mos/Scene1/fl_60/dir_04_bokehlicious_F7_intp/0005_top_left_net_large_f7.0_IMG_4351.png
https://f004.backblazeb2.com/file/dof-mos/Scene1/fl_60/dir_00_F2.8_align_whitebal/0006_bottom_right_IMG_4360.png,https://f004.backblazeb2.com/file/dof-mos/Scene1/fl_60/dir_01_bokehme_dfs20_K40_dispfocus0.15/0006_bottom_right_frame_0006.jpg,https://f004.backblazeb2.com/file/dof-mos/Scene1/fl_60/dir_02_drbokeh_K15_fp0.3_ls71/0006_bottom_right_IMG_4368.png,https://f004.backblazeb2.com/file/dof-mos/Scene1/fl_60/dir_03_demo/0006_bottom_right_IMG_4368_20.0_-0.42.jpg,https://f004.backblazeb2.com/file/dof-mos/Scene1/fl_60/dir_04_bokehlicious_F7_intp/0006_bottom_right_net_large_f7.0_IMG_4368.png
https://f004.backblazeb2.com/file/dof-mos/Scene1/fl_60/dir_00_F2.8_align_whitebal/0007_bottom_right_IMG_4361.png,https://f004.backblazeb2.com/file/dof-mos/Scene1/fl_60/dir_01_bokehme_dfs20_K40_dispfocus0.15/0007_bottom_right_frame_0007.jpg,https://f004.backblazeb2.com/file/dof-mos/Scene1/fl_60/dir_02_drbokeh_K15_fp0.3_ls71/0007_bottom_right_IMG_4369.png,https://f004.backblazeb2.com/file/dof-mos/Scene1/fl_60/dir_03_demo/0007_bottom_right_IMG_4369_20.0_-0.42.jpg,https://f004.backblazeb2.com/file/dof-mos/Scene1/fl_60/dir_04_bokehlicious_F7_intp/0007_bottom_right_net_large_f7.0_IMG_4369.png
https://f004.backblazeb2.com/file/dof-mos/Scene1/fl_60/dir_00_F2.8_align_whitebal/0008_bottom_left_IMG_4378.png,https://f004.backblazeb2.com/file/dof-mos/Scene1/fl_60/dir_01_bokehme_dfs20_K40_dispfocus0.15/0008_bottom_left_frame_0008.jpg,https://f004.backblazeb2.com/file/dof-mos/Scene1/fl_60/dir_02_drbokeh_K15_fp0.3_ls71/0008_bottom_left_IMG_4370.png,https://f004.backblazeb2.com/file/dof-mos/Scene1/fl_60/dir_03_demo/0008_bottom_left_IMG_4370_20.0_-0.42.jpg,https://f004.backblazeb2.com/file/dof-mos/Scene1/fl_60/dir_04_bokehlicious_F7_intp/0008_bottom_left_net_large_f7.0_IMG_4370.png
https://f004.backblazeb2.com/file/dof-mos/Scene1/fl_60/dir_00_F2.8_align_whitebal/0009_top_right_IMG_4379.png,https://f004.backblazeb2.com/file/dof-mos/Scene1/fl_60/dir_01_bokehme_dfs20_K40_dispfocus0.15/0009_top_right_frame_0009.jpg,https://f004.backblazeb2.com/file/dof-mos/Scene1/fl_60/dir_02_drbokeh_K15_fp0.3_ls71/0009_top_right_IMG_4371.png,https://f004.backblazeb2.com/file/dof-mos/Scene1/fl_60/dir_03_demo/0009_top_right_IMG_4371_20.0_-0.42.jpg,https://f004.backblazeb2.com/file/dof-mos/Scene1/fl_60/dir_04_bokehlicious_F7_intp/0009_top_right_net_large_f7.0_IMG_4371.png
https://f004.backblazeb2.com/file/dof-mos/Scene1/fl_60/dir_00_F2.8_align_whitebal/0010_top_left_IMG_4380.png,https://f004.backblazeb2.com/file/dof-mos/Scene1/fl_60/dir_01_bokehme_dfs20_K40_dispfocus0.15/0010_top_left_frame_0010.jpg,https://f004.backblazeb2.com/file/dof-mos/Scene1/fl_60/dir_02_drbokeh_K15_fp0.3_ls71/0010_top_left_IMG_4388.png,https://f004.backblazeb2.com/file/dof-mos/Scene1/fl_60/dir_03_demo/0010_top_left_IMG_4388_20.0_-0.42.jpg,https://f004.backblazeb2.com/file/dof-mos/Scene1/fl_60/dir_04_bokehlicious_F7_intp/0010_top_left_net_large_f7.0_IMG_4388.png
https://f004.backblazeb2.com/file/dof-mos/Scene1/fl_60/dir_00_F2.8_align_whitebal/0011_bottom_right_IMG_4381.png,https://f004.backblazeb2.com/file/dof-mos/Scene1/fl_60/dir_01_bokehme_dfs20_K40_dispfocus0.15/0011_bottom_right_frame_0011.jpg,https://f004.backblazeb2.com/file/dof-mos/Scene1/fl_60/dir_02_drbokeh_K15_fp0.3_ls71/0011_bottom_right_IMG_4389.png,https://f004.backblazeb2.com/file/dof-mos/Scene1/fl_60/dir_03_demo/0011_bottom_right_IMG_4389_20.0_-0.42.jpg,https://f004.backblazeb2.com/file/dof-mos/Scene1/fl_60/dir_04_bokehlicious_F7_intp/0011_bottom_right_net_large_f7.0_IMG_4389.png
https://f004.backblazeb2.com/file/dof-mos/Scene1/fl_60/dir_00_F2.8_align_whitebal/0012_bottom_left_IMG_4398.png,https://f004.backblazeb2.com/file/dof-mos/Scene1/fl_60/dir_01_bokehme_dfs20_K40_dispfocus0.15/0012_bottom_left_frame_0012.jpg,https://f004.backblazeb2.com/file/dof-mos/Scene1/fl_60/dir_02_drbokeh_K15_fp0.3_ls71/0012_bottom_left_IMG_4390.png,https://f004.backblazeb2.com/file/dof-mos/Scene1/fl_60/dir_03_demo/0012_bottom_left_IMG_4390_20.0_-0.42.jpg,https://f004.backblazeb2.com/file/dof-mos/Scene1/fl_60/dir_04_bokehlicious_F7_intp/0012_bottom_left_net_large_f7.0_IMG_4390.png
https://f004.backblazeb2.com/file/dof-mos/Scene1/fl_60/dir_00_F2.8_align_whitebal/0013_top_right_IMG_4399.png,https://f004.backblazeb2.com/file/dof-mos/Scene1/fl_60/dir_01_bokehme_dfs20_K40_dispfocus0.15/0013_top_right_frame_0013.jpg,https://f004.backblazeb2.com/file/dof-mos/Scene1/fl_60/dir_02_drbokeh_K15_fp0.3_ls71/0013_top_right_IMG_4391.png,https://f004.backblazeb2.com/file/dof-mos/Scene1/fl_60/dir_03_demo/0013_top_right_IMG_4391_20.0_-0.42.jpg,https://f004.backblazeb2.com/file/dof-mos/Scene1/fl_60/dir_04_bokehlicious_F7_intp/0013_top_right_net_large_f7.0_IMG_4391.png
https://f004.backblazeb2.com/file/dof-mos/Scene1/fl_60/dir_00_F2.8_align_whitebal/0014_bottom_right_IMG_4400.png,https://f004.backblazeb2.com/file/dof-mos/Scene1/fl_60/dir_01_bokehme_dfs20_K40_dispfocus0.15/0014_bottom_right_frame_0014.jpg,https://f004.backblazeb2.com/file/dof-mos/Scene1/fl_60/dir_02_drbokeh_K15_fp0.3_ls71/0014_bottom_right_IMG_4408.png,https://f004.backblazeb2.com/file/dof-mos/Scene1/fl_60/dir_03_demo/0014_bottom_right_IMG_4408_20.0_-0.42.jpg,https://f004.backblazeb2.com/file/dof-mos/Scene1/fl_60/dir_04_bokehlicious_F7_intp/0014_bottom_right_net_large_f7.0_IMG_4408.png
https://f004.backblazeb2.com/file/dof-mos/Scene1/fl_60/dir_00_F2.8_align_whitebal/0015_top_right_IMG_4401.png,https://f004.backblazeb2.com/file/dof-mos/Scene1/fl_60/dir_01_bokehme_dfs20_K40_dispfocus0.15/0015_top_right_frame_0015.jpg,https://f004.backblazeb2.com/file/dof-mos/Scene1/fl_60/dir_02_drbokeh_K15_fp0.3_ls71/0015_top_right_IMG_4409.png,https://f004.backblazeb2.com/file/dof-mos/Scene1/fl_60/dir_03_demo/0015_top_right_IMG_4409_20.0_-0.42.jpg,https://f004.backblazeb2.com/file/dof-mos/Scene1/fl_60/dir_04_bokehlicious_F7_intp/0015_top_right_net_large_f7.0_IMG_4409.png
https://f004.backblazeb2.com/file/dof-mos/Scene1/fl_60/dir_00_F2.8_align_whitebal/0016_top_left_IMG_4418.png,https://f004.backblazeb2.com/file/dof-mos/Scene1/fl_60/dir_01_bokehme_dfs20_K40_dispfocus0.15/0016_top_left_frame_0016.jpg,https://f004.backblazeb2.com/file/dof-mos/Scene1/fl_60/dir_02_drbokeh_K15_fp0.3_ls71/0016_top_left_IMG_4410.png,https://f004.backblazeb2.com/file/dof-mos/Scene1/fl_60/dir_03_demo/0016_top_left_IMG_4410_20.0_-0.42.jpg,https://f004.backblazeb2.com/file/dof-mos/Scene1/fl_60/dir_04_bokehlicious_F7_intp/0016_top_left_net_large_f7.0_IMG_4410.png
https://f004.backblazeb2.com/file/dof-mos/Scene1/fl_60/dir_00_F2.8_align_whitebal/0017_top_right_IMG_4419.png,https://f004.backblazeb2.com/file/dof-mos/Scene1/fl_60/dir_01_bokehme_dfs20_K40_dispfocus0.15/0017_top_right_frame_0017.jpg,https://f004.backblazeb2.com/file/dof-mos/Scene1/fl_60/dir_02_drbokeh_K15_fp0.3_ls71/0017_top_right_IMG_4411.png,https://f004.backblazeb2.com/file/dof-mos/Scene1/fl_60/dir_03_demo/0017_top_right_IMG_4411_20.0_-0.42.jpg,https://f004.backblazeb2.com/file/dof-mos/Scene1/fl_60/dir_04_bokehlicious_F7_intp/0017_top_right_net_large_f7.0_IMG_4411.png
https://f004.backblazeb2.com/file/dof-mos/Scene1/fl_60/dir_00_F2.8_align_whitebal/0018_bottom_left_IMG_4420.png,https://f004.backblazeb2.com/file/dof-mos/Scene1/fl_60/dir_01_bokehme_dfs20_K40_dispfocus0.15/0018_bottom_left_frame_0018.jpg,https://f004.backblazeb2.com/file/dof-mos/Scene1/fl_60/dir_02_drbokeh_K15_fp0.3_ls71/0018_bottom_left_IMG_4428.png,https://f004.backblazeb2.com/file/dof-mos/Scene1/fl_60/dir_03_demo/0018_bottom_left_IMG_4428_20.0_-0.42.jpg,https://f004.backblazeb2.com/file/dof-mos/Scene1/fl_60/dir_04_bokehlicious_F7_intp/0018_bottom_left_net_large_f7.0_IMG_4428.png
https://f004.backblazeb2.com/file/dof-mos/Scene1/fl_60/dir_00_F2.8_align_whitebal/0019_top_right_IMG_4421.png,https://f004.backblazeb2.com/file/dof-mos/Scene1/fl_60/dir_01_bokehme_dfs20_K40_dispfocus0.15/0019_top_right_frame_0019.jpg,https://f004.backblazeb2.com/file/dof-mos/Scene1/fl_60/dir_02_drbokeh_K15_fp0.3_ls71/0019_top_right_IMG_4429.png,https://f004.backblazeb2.com/file/dof-mos/Scene1/fl_60/dir_03_demo/0019_top_right_IMG_4429_20.0_-0.42.jpg,https://f004.backblazeb2.com/file/dof-mos/Scene1/fl_60/dir_04_bokehlicious_F7_intp/0019_top_right_net_large_f7.0_IMG_4429.png
https://f004.backblazeb2.com/file/dof-mos/Scene1/fl_60/dir_00_F2.8_align_whitebal/0020_center_IMG_4338.png,https://f004.backblazeb2.com/file/dof-mos/Scene1/fl_60/dir_01_bokehme_dfs20_K40_dispfocus0.15/0020_center_frame_0000.jpg,https://f004.backblazeb2.com/file/dof-mos/Scene1/fl_60/dir_02_drbokeh_K15_fp0.3_ls71/0020_center_IMG_4330.png,https://f004.backblazeb2.com/file/dof-mos/Scene1/fl_60/dir_03_demo/0020_center_IMG_4330_20.0_-0.42.jpg,https://f004.backblazeb2.com/file/dof-mos/Scene1/fl_60/dir_04_bokehlicious_F7_intp/0020_center_net_large_f7.0_IMG_4330.png
https://f004.backblazeb2.com/file/dof-mos/Scene1/fl_60/dir_00_F2.8_align_whitebal/0021_center_IMG_4339.png,https://f004.backblazeb2.com/file/dof-mos/Scene1/fl_60/dir_01_bokehme_dfs20_K40_dispfocus0.15/0021_center_frame_0001.jpg,https://f004.backblazeb2.com/file/dof-mos/Scene1/fl_60/dir_02_drbokeh_K15_fp0.3_ls71/0021_center_IMG_4331.png,https://f004.backblazeb2.com/file/dof-mos/Scene1/fl_60/dir_03_demo/0021_center_IMG_4331_20.0_-0.42.jpg,https://f004.backblazeb2.com/file/dof-mos/Scene1/fl_60/dir_04_bokehlicious_F7_intp/0021_center_net_large_f7.0_IMG_4331.png
https://f004.backblazeb2.com/file/dof-mos/Scene1/fl_60/dir_00_F2.8_align_whitebal/0022_center_IMG_4340.png,https://f004.backblazeb2.com/file/dof-mos/Scene1/fl_60/dir_01_bokehme_dfs20_K40_dispfocus0.15/0022_center_frame_0002.jpg,https://f004.backblazeb2.com/file/dof-mos/Scene1/fl_60/dir_02_drbokeh_K15_fp0.3_ls71/0022_center_IMG_4348.png,https://f004.backblazeb2.com/file/dof-mos/Scene1/fl_60/dir_03_demo/0022_center_IMG_4348_20.0_-0.42.jpg,https://f004.backblazeb2.com/file/dof-mos/Scene1/fl_60/dir_04_bokehlicious_F7_intp/0022_center_net_large_f7.0_IMG_4348.png
https://f004.backblazeb2.com/file/dof-mos/Scene1/fl_60/dir_00_F2.8_align_whitebal/0023_center_IMG_4341.png,https://f004.backblazeb2.com/file/dof-mos/Scene1/fl_60/dir_01_bokehme_dfs20_K40_dispfocus0.15/0023_center_frame_0003.jpg,https://f004.backblazeb2.com/file/dof-mos/Scene1/fl_60/dir_02_drbokeh_K15_fp0.3_ls71/0023_center_IMG_4349.png,https://f004.backblazeb2.com/file/dof-mos/Scene1/fl_60/dir_03_demo/0023_center_IMG_4349_20.0_-0.42.jpg,https://f004.backblazeb2.com/file/dof-mos/Scene1/fl_60/dir_04_bokehlicious_F7_intp/0023_center_net_large_f7.0_IMG_4349.png
https://f004.backblazeb2.com/file/dof-mos/Scene1/fl_60/dir_00_F2.8_align_whitebal/0024_center_IMG_4358.png,https://f004.backblazeb2.com/file/dof-mos/Scene1/fl_60/dir_01_bokehme_dfs20_K40_dispfocus0.15/0024_center_frame_0004.jpg,https://f004.backblazeb2.com/file/dof-mos/Scene1/fl_60/dir_02_drbokeh_K15_fp0.3_ls71/0024_center_IMG_4350.png,https://f004.backblazeb2.com/file/dof-mos/Scene1/fl_60/dir_03_demo/0024_center_IMG_4350_20.0_-0.42.jpg,https://f004.backblazeb2.com/file/dof-mos/Scene1/fl_60/dir_04_bokehlicious_F7_intp/0024_center_net_large_f7.0_IMG_4350.png
https://f004.backblazeb2.com/file/dof-mos/Scene1/fl_60/dir_00_F2.8_align_whitebal/0025_center_IMG_4359.png,https://f004.backblazeb2.com/file/dof-mos/Scene1/fl_60/dir_01_bokehme_dfs20_K40_dispfocus0.15/0025_center_frame_0005.jpg,https://f004.backblazeb2.com/file/dof-mos/Scene1/fl_60/dir_02_drbokeh_K15_fp0.3_ls71/0025_center_IMG_4351.png,https://f004.backblazeb2.com/file/dof-mos/Scene1/fl_60/dir_03_demo/0025_center_IMG_4351_20.0_-0.42.jpg,https://f004.backblazeb2.com/file/dof-mos/Scene1/fl_60/dir_04_bokehlicious_F7_intp/0025_center_net_large_f7.0_IMG_4351.png
https://f004.backblazeb2.com/file/dof-mos/Scene1/fl_60/dir_00_F2.8_align_whitebal/0026_center_IMG_4360.png,https://f004.backblazeb2.com/file/dof-mos/Scene1/fl_60/dir_01_bokehme_dfs20_K40_dispfocus0.15/0026_center_frame_0006.jpg,https://f004.backblazeb2.com/file/dof-mos/Scene1/fl_60/dir_02_drbokeh_K15_fp0.3_ls71/0026_center_IMG_4368.png,https://f004.backblazeb2.com/file/dof-mos/Scene1/fl_60/dir_03_demo/0026_center_IMG_4368_20.0_-0.42.jpg,https://f004.backblazeb2.com/file/dof-mos/Scene1/fl_60/dir_04_bokehlicious_F7_intp/0026_center_net_large_f7.0_IMG_4368.png
https://f004.backblazeb2.com/file/dof-mos/Scene1/fl_60/dir_00_F2.8_align_whitebal/0027_center_IMG_4361.png,https://f004.backblazeb2.com/file/dof-mos/Scene1/fl_60/dir_01_bokehme_dfs20_K40_dispfocus0.15/0027_center_frame_0007.jpg,https://f004.backblazeb2.com/file/dof-mos/Scene1/fl_60/dir_02_drbokeh_K15_fp0.3_ls71/0027_center_IMG_4369.png,https://f004.backblazeb2.com/file/dof-mos/Scene1/fl_60/dir_03_demo/0027_center_IMG_4369_20.0_-0.42.jpg,https://f004.backblazeb2.com/file/dof-mos/Scene1/fl_60/dir_04_bokehlicious_F7_intp/0027_center_net_large_f7.0_IMG_4369.png
https://f004.backblazeb2.com/file/dof-mos/Scene1/fl_60/dir_00_F2.8_align_whitebal/0028_center_IMG_4378.png,https://f004.backblazeb2.com/file/dof-mos/Scene1/fl_60/dir_01_bokehme_dfs20_K40_dispfocus0.15/0028_center_frame_0008.jpg,https://f004.backblazeb2.com/file/dof-mos/Scene1/fl_60/dir_02_drbokeh_K15_fp0.3_ls71/0028_center_IMG_4370.png,https://f004.backblazeb2.com/file/dof-mos/Scene1/fl_60/dir_03_demo/0028_center_IMG_4370_20.0_-0.42.jpg,https://f004.backblazeb2.com/file/dof-mos/Scene1/fl_60/dir_04_bokehlicious_F7_intp/0028_center_net_large_f7.0_IMG_4370.png
https://f004.backblazeb2.com/file/dof-mos/Scene1/fl_60/dir_00_F2.8_align_whitebal/0029_center_IMG_4379.png,https://f004.backblazeb2.com/file/dof-mos/Scene1/fl_60/dir_01_bokehme_dfs20_K40_dispfocus0.15/0029_center_frame_0009.jpg,https://f004.backblazeb2.com/file/dof-mos/Scene1/fl_60/dir_02_drbokeh_K15_fp0.3_ls71/0029_center_IMG_4371.png,https://f004.backblazeb2.com/file/dof-mos/Scene1/fl_60/dir_03_demo/0029_center_IMG_4371_20.0_-0.42.jpg,https://f004.backblazeb2.com/file/dof-mos/Scene1/fl_60/dir_04_bokehlicious_F7_intp/0029_center_net_large_f7.0_IMG_4371.png
https://f004.backblazeb2.com/file/dof-mos/Scene1/fl_60/dir_00_F2.8_align_whitebal/0030_center_IMG_4380.png,https://f004.backblazeb2.com/file/dof-mos/Scene1/fl_60/dir_01_bokehme_dfs20_K40_dispfocus0.15/0030_center_frame_0010.jpg,https://f004.backblazeb2.com/file/dof-mos/Scene1/fl_60/dir_02_drbokeh_K15_fp0.3_ls71/0030_center_IMG_4388.png,https://f004.backblazeb2.com/file/dof-mos/Scene1/fl_60/dir_03_demo/0030_center_IMG_4388_20.0_-0.42.jpg,https://f004.backblazeb2.com/file/dof-mos/Scene1/fl_60/dir_04_bokehlicious_F7_intp/0030_center_net_large_f7.0_IMG_4388.png
https://f004.backblazeb2.com/file/dof-mos/Scene1/fl_60/dir_00_F2.8_align_whitebal/0031_center_IMG_4381.png,https://f004.backblazeb2.com/file/dof-mos/Scene1/fl_60/dir_01_bokehme_dfs20_K40_dispfocus0.15/0031_center_frame_0011.jpg,https://f004.backblazeb2.com/file/dof-mos/Scene1/fl_60/dir_02_drbokeh_K15_fp0.3_ls71/0031_center_IMG_4389.png,https://f004.backblazeb2.com/file/dof-mos/Scene1/fl_60/dir_03_demo/0031_center_IMG_4389_20.0_-0.42.jpg,https://f004.backblazeb2.com/file/dof-mos/Scene1/fl_60/dir_04_bokehlicious_F7_intp/0031_center_net_large_f7.0_IMG_4389.png
https://f004.backblazeb2.com/file/dof-mos/Scene1/fl_60/dir_00_F2.8_align_whitebal/0032_center_IMG_4398.png,https://f004.backblazeb2.com/file/dof-mos/Scene1/fl_60/dir_01_bokehme_dfs20_K40_dispfocus0.15/0032_center_frame_0012.jpg,https://f004.backblazeb2.com/file/dof-mos/Scene1/fl_60/dir_02_drbokeh_K15_fp0.3_ls71/0032_center_IMG_4390.png,https://f004.backblazeb2.com/file/dof-mos/Scene1/fl_60/dir_03_demo/0032_center_IMG_4390_20.0_-0.42.jpg,https://f004.backblazeb2.com/file/dof-mos/Scene1/fl_60/dir_04_bokehlicious_F7_intp/0032_center_net_large_f7.0_IMG_4390.png
https://f004.backblazeb2.com/file/dof-mos/Scene1/fl_60/dir_00_F2.8_align_whitebal/0033_center_IMG_4399.png,https://f004.backblazeb2.com/file/dof-mos/Scene1/fl_60/dir_01_bokehme_dfs20_K40_dispfocus0.15/0033_center_frame_0013.jpg,https://f004.backblazeb2.com/file/dof-mos/Scene1/fl_60/dir_02_drbokeh_K15_fp0.3_ls71/0033_center_IMG_4391.png,https://f004.backblazeb2.com/file/dof-mos/Scene1/fl_60/dir_03_demo/0033_center_IMG_4391_20.0_-0.42.jpg,https://f004.backblazeb2.com/file/dof-mos/Scene1/fl_60/dir_04_bokehlicious_F7_intp/0033_center_net_large_f7.0_IMG_4391.png
https://f004.backblazeb2.com/file/dof-mos/Scene1/fl_60/dir_00_F2.8_align_whitebal/0034_center_IMG_4400.png,https://f004.backblazeb2.com/file/dof-mos/Scene1/fl_60/dir_01_bokehme_dfs20_K40_dispfocus0.15/0034_center_frame_0014.jpg,https://f004.backblazeb2.com/file/dof-mos/Scene1/fl_60/dir_02_drbokeh_K15_fp0.3_ls71/0034_center_IMG_4408.png,https://f004.backblazeb2.com/file/dof-mos/Scene1/fl_60/dir_03_demo/0034_center_IMG_4408_20.0_-0.42.jpg,https://f004.backblazeb2.com/file/dof-mos/Scene1/fl_60/dir_04_bokehlicious_F7_intp/0034_center_net_large_f7.0_IMG_4408.png
https://f004.backblazeb2.com/file/dof-mos/Scene1/fl_60/dir_00_F2.8_align_whitebal/0035_center_IMG_4401.png,https://f004.backblazeb2.com/file/dof-mos/Scene1/fl_60/dir_01_bokehme_dfs20_K40_dispfocus0.15/0035_center_frame_0015.jpg,https://f004.backblazeb2.com/file/dof-mos/Scene1/fl_60/dir_02_drbokeh_K15_fp0.3_ls71/0035_center_IMG_4409.png,https://f004.backblazeb2.com/file/dof-mos/Scene1/fl_60/dir_03_demo/0035_center_IMG_4409_20.0_-0.42.jpg,https://f004.backblazeb2.com/file/dof-mos/Scene1/fl_60/dir_04_bokehlicious_F7_intp/0035_center_net_large_f7.0_IMG_4409.png
https://f004.backblazeb2.com/file/dof-mos/Scene1/fl_60/dir_00_F2.8_align_whitebal/0036_center_IMG_4418.png,https://f004.backblazeb2.com/file/dof-mos/Scene1/fl_60/dir_01_bokehme_dfs20_K40_dispfocus0.15/0036_center_frame_0016.jpg,https://f004.backblazeb2.com/file/dof-mos/Scene1/fl_60/dir_02_drbokeh_K15_fp0.3_ls71/0036_center_IMG_4410.png,https://f004.backblazeb2.com/file/dof-mos/Scene1/fl_60/dir_03_demo/0036_center_IMG_4410_20.0_-0.42.jpg,https://f004.backblazeb2.com/file/dof-mos/Scene1/fl_60/dir_04_bokehlicious_F7_intp/0036_center_net_large_f7.0_IMG_4410.png
https://f004.backblazeb2.com/file/dof-mos/Scene1/fl_60/dir_00_F2.8_align_whitebal/0037_center_IMG_4419.png,https://f004.backblazeb2.com/file/dof-mos/Scene1/fl_60/dir_01_bokehme_dfs20_K40_dispfocus0.15/0037_center_frame_0017.jpg,https://f004.backblazeb2.com/file/dof-mos/Scene1/fl_60/dir_02_drbokeh_K15_fp0.3_ls71/0037_center_IMG_4411.png,https://f004.backblazeb2.com/file/dof-mos/Scene1/fl_60/dir_03_demo/0037_center_IMG_4411_20.0_-0.42.jpg,https://f004.backblazeb2.com/file/dof-mos/Scene1/fl_60/dir_04_bokehlicious_F7_intp/0037_center_net_large_f7.0_IMG_4411.png
https://f004.backblazeb2.com/file/dof-mos/Scene1/fl_60/dir_00_F2.8_align_whitebal/0038_center_IMG_4420.png,https://f004.backblazeb2.com/file/dof-mos/Scene1/fl_60/dir_01_bokehme_dfs20_K40_dispfocus0.15/0038_center_frame_0018.jpg,https://f004.backblazeb2.com/file/dof-mos/Scene1/fl_60/dir_02_drbokeh_K15_fp0.3_ls71/0038_center_IMG_4428.png,https://f004.backblazeb2.com/file/dof-mos/Scene1/fl_60/dir_03_demo/0038_center_IMG_4428_20.0_-0.42.jpg,https://f004.backblazeb2.com/file/dof-mos/Scene1/fl_60/dir_04_bokehlicious_F7_intp/0038_center_net_large_f7.0_IMG_4428.png
https://f004.backblazeb2.com/file/dof-mos/Scene1/fl_60/dir_00_F2.8_align_whitebal/0039_center_IMG_4421.png,https://f004.backblazeb2.com/file/dof-mos/Scene1/fl_60/dir_01_bokehme_dfs20_K40_dispfocus0.15/0039_center_frame_0019.jpg,https://f004.backblazeb2.com/file/dof-mos/Scene1/fl_60/dir_02_drbokeh_K15_fp0.3_ls71/0039_center_IMG_4429.png,https://f004.backblazeb2.com/file/dof-mos/Scene1/fl_60/dir_03_demo/0039_center_IMG_4429_20.0_-0.42.jpg,https://f004.backblazeb2.com/file/dof-mos/Scene1/fl_60/dir_04_bokehlicious_F7_intp/0039_center_net_large_f7.0_IMG_4429.png
https://f004.backblazeb2.com/file/dof-mos/Scene1/fl_70/dir_00_F2.8_align_whitebal/0000_bottom_right_IMG_4619.png,https://f004.backblazeb2.com/file/dof-mos/Scene1/fl_70/dir_01_bokehme_dfs20_K40_dispfocus0.15/0000_bottom_right_frame_0000.jpg,https://f004.backblazeb2.com/file/dof-mos/Scene1/fl_70/dir_02_drbokeh_K15_fp0.3_ls71/0000_bottom_right_IMG_4611.png,https://f004.backblazeb2.com/file/dof-mos/Scene1/fl_70/dir_03_demo/0000_bottom_right_IMG_4611_15.0_-0.42.jpg,https://f004.backblazeb2.com/file/dof-mos/Scene1/fl_70/dir_04_bokehlicious_F10_intp/0000_bottom_right_net_large_f10.0_IMG_4611.png
https://f004.backblazeb2.com/file/dof-mos/Scene1/fl_70/dir_00_F2.8_align_whitebal/0001_bottom_left_IMG_4620.png,https://f004.backblazeb2.com/file/dof-mos/Scene1/fl_70/dir_01_bokehme_dfs20_K40_dispfocus0.15/0001_bottom_left_frame_0001.jpg,https://f004.backblazeb2.com/file/dof-mos/Scene1/fl_70/dir_02_drbokeh_K15_fp0.3_ls71/0001_bottom_left_IMG_4612.png,https://f004.backblazeb2.com/file/dof-mos/Scene1/fl_70/dir_03_demo/0001_bottom_left_IMG_4612_15.0_-0.42.jpg,https://f004.backblazeb2.com/file/dof-mos/Scene1/fl_70/dir_04_bokehlicious_F10_intp/0001_bottom_left_net_large_f10.0_IMG_4612.png
https://f004.backblazeb2.com/file/dof-mos/Scene1/fl_70/dir_00_F2.8_align_whitebal/0002_bottom_right_IMG_4621.png,https://f004.backblazeb2.com/file/dof-mos/Scene1/fl_70/dir_01_bokehme_dfs20_K40_dispfocus0.15/0002_bottom_right_frame_0002.jpg,https://f004.backblazeb2.com/file/dof-mos/Scene1/fl_70/dir_02_drbokeh_K15_fp0.3_ls71/0002_bottom_right_IMG_4629.png,https://f004.backblazeb2.com/file/dof-mos/Scene1/fl_70/dir_03_demo/0002_bottom_right_IMG_4629_15.0_-0.42.jpg,https://f004.backblazeb2.com/file/dof-mos/Scene1/fl_70/dir_04_bokehlicious_F10_intp/0002_bottom_right_net_large_f10.0_IMG_4629.png
https://f004.backblazeb2.com/file/dof-mos/Scene1/fl_70/dir_00_F2.8_align_whitebal/0003_bottom_left_IMG_4622.png,https://f004.backblazeb2.com/file/dof-mos/Scene1/fl_70/dir_01_bokehme_dfs20_K40_dispfocus0.15/0003_bottom_left_frame_0003.jpg,https://f004.backblazeb2.com/file/dof-mos/Scene1/fl_70/dir_02_drbokeh_K15_fp0.3_ls71/0003_bottom_left_IMG_4630.png,https://f004.backblazeb2.com/file/dof-mos/Scene1/fl_70/dir_03_demo/0003_bottom_left_IMG_4630_15.0_-0.42.jpg,https://f004.backblazeb2.com/file/dof-mos/Scene1/fl_70/dir_04_bokehlicious_F10_intp/0003_bottom_left_net_large_f10.0_IMG_4630.png
https://f004.backblazeb2.com/file/dof-mos/Scene1/fl_70/dir_00_F2.8_align_whitebal/0004_top_right_IMG_4640.png,https://f004.backblazeb2.com/file/dof-mos/Scene1/fl_70/dir_01_bokehme_dfs20_K40_dispfocus0.15/0004_top_right_frame_0004.jpg,https://f004.backblazeb2.com/file/dof-mos/Scene1/fl_70/dir_02_drbokeh_K15_fp0.3_ls71/0004_top_right_IMG_4632.png,https://f004.backblazeb2.com/file/dof-mos/Scene1/fl_70/dir_03_demo/0004_top_right_IMG_4632_15.0_-0.42.jpg,https://f004.backblazeb2.com/file/dof-mos/Scene1/fl_70/dir_04_bokehlicious_F10_intp/0004_top_right_net_large_f10.0_IMG_4632.png
https://f004.backblazeb2.com/file/dof-mos/Scene1/fl_70/dir_00_F2.8_align_whitebal/0005_top_left_IMG_4641.png,https://f004.backblazeb2.com/file/dof-mos/Scene1/fl_70/dir_01_bokehme_dfs20_K40_dispfocus0.15/0005_top_left_frame_0005.jpg,https://f004.backblazeb2.com/file/dof-mos/Scene1/fl_70/dir_02_drbokeh_K15_fp0.3_ls71/0005_top_left_IMG_4633.png,https://f004.backblazeb2.com/file/dof-mos/Scene1/fl_70/dir_03_demo/0005_top_left_IMG_4633_15.0_-0.42.jpg,https://f004.backblazeb2.com/file/dof-mos/Scene1/fl_70/dir_04_bokehlicious_F10_intp/0005_top_left_net_large_f10.0_IMG_4633.png
https://f004.backblazeb2.com/file/dof-mos/Scene1/fl_70/dir_00_F2.8_align_whitebal/0006_top_left_IMG_4642.png,https://f004.backblazeb2.com/file/dof-mos/Scene1/fl_70/dir_01_bokehme_dfs20_K40_dispfocus0.15/0006_top_left_frame_0006.jpg,https://f004.backblazeb2.com/file/dof-mos/Scene1/fl_70/dir_02_drbokeh_K15_fp0.3_ls71/0006_top_left_IMG_4650.png,https://f004.backblazeb2.com/file/dof-mos/Scene1/fl_70/dir_03_demo/0006_top_left_IMG_4650_15.0_-0.42.jpg,https://f004.backblazeb2.com/file/dof-mos/Scene1/fl_70/dir_04_bokehlicious_F10_intp/0006_top_left_net_large_f10.0_IMG_4650.png
https://f004.backblazeb2.com/file/dof-mos/Scene1/fl_70/dir_00_F2.8_align_whitebal/0007_bottom_left_IMG_4643.png,https://f004.backblazeb2.com/file/dof-mos/Scene1/fl_70/dir_01_bokehme_dfs20_K40_dispfocus0.15/0007_bottom_left_frame_0007.jpg,https://f004.backblazeb2.com/file/dof-mos/Scene1/fl_70/dir_02_drbokeh_K15_fp0.3_ls71/0007_bottom_left_IMG_4651.png,https://f004.backblazeb2.com/file/dof-mos/Scene1/fl_70/dir_03_demo/0007_bottom_left_IMG_4651_15.0_-0.42.jpg,https://f004.backblazeb2.com/file/dof-mos/Scene1/fl_70/dir_04_bokehlicious_F10_intp/0007_bottom_left_net_large_f10.0_IMG_4651.png
https://f004.backblazeb2.com/file/dof-mos/Scene1/fl_70/dir_00_F2.8_align_whitebal/0008_bottom_left_IMG_4660.png,https://f004.backblazeb2.com/file/dof-mos/Scene1/fl_70/dir_01_bokehme_dfs20_K40_dispfocus0.15/0008_bottom_left_frame_0008.jpg,https://f004.backblazeb2.com/file/dof-mos/Scene1/fl_70/dir_02_drbokeh_K15_fp0.3_ls71/0008_bottom_left_IMG_4652.png,https://f004.backblazeb2.com/file/dof-mos/Scene1/fl_70/dir_03_demo/0008_bottom_left_IMG_4652_15.0_-0.42.jpg,https://f004.backblazeb2.com/file/dof-mos/Scene1/fl_70/dir_04_bokehlicious_F10_intp/0008_bottom_left_net_large_f10.0_IMG_4652.png
https://f004.backblazeb2.com/file/dof-mos/Scene1/fl_70/dir_00_F2.8_align_whitebal/0009_bottom_right_IMG_4661.png,https://f004.backblazeb2.com/file/dof-mos/Scene1/fl_70/dir_01_bokehme_dfs20_K40_dispfocus0.15/0009_bottom_right_frame_0009.jpg,https://f004.backblazeb2.com/file/dof-mos/Scene1/fl_70/dir_02_drbokeh_K15_fp0.3_ls71/0009_bottom_right_IMG_4653.png,https://f004.backblazeb2.com/file/dof-mos/Scene1/fl_70/dir_03_demo/0009_bottom_right_IMG_4653_15.0_-0.42.jpg,https://f004.backblazeb2.com/file/dof-mos/Scene1/fl_70/dir_04_bokehlicious_F10_intp/0009_bottom_right_net_large_f10.0_IMG_4653.png
https://f004.backblazeb2.com/file/dof-mos/Scene1/fl_70/dir_00_F2.8_align_whitebal/0010_bottom_right_IMG_4662.png,https://f004.backblazeb2.com/file/dof-mos/Scene1/fl_70/dir_01_bokehme_dfs20_K40_dispfocus0.15/0010_bottom_right_frame_0010.jpg,https://f004.backblazeb2.com/file/dof-mos/Scene1/fl_70/dir_02_drbokeh_K15_fp0.3_ls71/0010_bottom_right_IMG_4670.png,https://f004.backblazeb2.com/file/dof-mos/Scene1/fl_70/dir_03_demo/0010_bottom_right_IMG_4670_15.0_-0.42.jpg,https://f004.backblazeb2.com/file/dof-mos/Scene1/fl_70/dir_04_bokehlicious_F10_intp/0010_bottom_right_net_large_f10.0_IMG_4670.png
https://f004.backblazeb2.com/file/dof-mos/Scene1/fl_70/dir_00_F2.8_align_whitebal/0011_bottom_right_IMG_4663.png,https://f004.backblazeb2.com/file/dof-mos/Scene1/fl_70/dir_01_bokehme_dfs20_K40_dispfocus0.15/0011_bottom_right_frame_0011.jpg,https://f004.backblazeb2.com/file/dof-mos/Scene1/fl_70/dir_02_drbokeh_K15_fp0.3_ls71/0011_bottom_right_IMG_4671.png,https://f004.backblazeb2.com/file/dof-mos/Scene1/fl_70/dir_03_demo/0011_bottom_right_IMG_4671_15.0_-0.42.jpg,https://f004.backblazeb2.com/file/dof-mos/Scene1/fl_70/dir_04_bokehlicious_F10_intp/0011_bottom_right_net_large_f10.0_IMG_4671.png
https://f004.backblazeb2.com/file/dof-mos/Scene1/fl_70/dir_00_F2.8_align_whitebal/0012_top_left_IMG_4680.png,https://f004.backblazeb2.com/file/dof-mos/Scene1/fl_70/dir_01_bokehme_dfs20_K40_dispfocus0.15/0012_top_left_frame_0012.jpg,https://f004.backblazeb2.com/file/dof-mos/Scene1/fl_70/dir_02_drbokeh_K15_fp0.3_ls71/0012_top_left_IMG_4672.png,https://f004.backblazeb2.com/file/dof-mos/Scene1/fl_70/dir_03_demo/0012_top_left_IMG_4672_15.0_-0.42.jpg,https://f004.backblazeb2.com/file/dof-mos/Scene1/fl_70/dir_04_bokehlicious_F10_intp/0012_top_left_net_large_f10.0_IMG_4672.png
https://f004.backblazeb2.com/file/dof-mos/Scene1/fl_70/dir_00_F2.8_align_whitebal/0013_bottom_right_IMG_4681.png,https://f004.backblazeb2.com/file/dof-mos/Scene1/fl_70/dir_01_bokehme_dfs20_K40_dispfocus0.15/0013_bottom_right_frame_0013.jpg,https://f004.backblazeb2.com/file/dof-mos/Scene1/fl_70/dir_02_drbokeh_K15_fp0.3_ls71/0013_bottom_right_IMG_4673.png,https://f004.backblazeb2.com/file/dof-mos/Scene1/fl_70/dir_03_demo/0013_bottom_right_IMG_4673_15.0_-0.42.jpg,https://f004.backblazeb2.com/file/dof-mos/Scene1/fl_70/dir_04_bokehlicious_F10_intp/0013_bottom_right_net_large_f10.0_IMG_4673.png
https://f004.backblazeb2.com/file/dof-mos/Scene1/fl_70/dir_00_F2.8_align_whitebal/0014_top_left_IMG_4682.png,https://f004.backblazeb2.com/file/dof-mos/Scene1/fl_70/dir_01_bokehme_dfs20_K40_dispfocus0.15/0014_top_left_frame_0014.jpg,https://f004.backblazeb2.com/file/dof-mos/Scene1/fl_70/dir_02_drbokeh_K15_fp0.3_ls71/0014_top_left_IMG_4690.png,https://f004.backblazeb2.com/file/dof-mos/Scene1/fl_70/dir_03_demo/0014_top_left_IMG_4690_15.0_-0.42.jpg,https://f004.backblazeb2.com/file/dof-mos/Scene1/fl_70/dir_04_bokehlicious_F10_intp/0014_top_left_net_large_f10.0_IMG_4690.png
https://f004.backblazeb2.com/file/dof-mos/Scene1/fl_70/dir_00_F2.8_align_whitebal/0015_top_right_IMG_4683.png,https://f004.backblazeb2.com/file/dof-mos/Scene1/fl_70/dir_01_bokehme_dfs20_K40_dispfocus0.15/0015_top_right_frame_0015.jpg,https://f004.backblazeb2.com/file/dof-mos/Scene1/fl_70/dir_02_drbokeh_K15_fp0.3_ls71/0015_top_right_IMG_4691.png,https://f004.backblazeb2.com/file/dof-mos/Scene1/fl_70/dir_03_demo/0015_top_right_IMG_4691_15.0_-0.42.jpg,https://f004.backblazeb2.com/file/dof-mos/Scene1/fl_70/dir_04_bokehlicious_F10_intp/0015_top_right_net_large_f10.0_IMG_4691.png
https://f004.backblazeb2.com/file/dof-mos/Scene1/fl_70/dir_00_F2.8_align_whitebal/0016_bottom_right_IMG_4700.png,https://f004.backblazeb2.com/file/dof-mos/Scene1/fl_70/dir_01_bokehme_dfs20_K40_dispfocus0.15/0016_bottom_right_frame_0016.jpg,https://f004.backblazeb2.com/file/dof-mos/Scene1/fl_70/dir_02_drbokeh_K15_fp0.3_ls71/0016_bottom_right_IMG_4692.png,https://f004.backblazeb2.com/file/dof-mos/Scene1/fl_70/dir_03_demo/0016_bottom_right_IMG_4692_15.0_-0.42.jpg,https://f004.backblazeb2.com/file/dof-mos/Scene1/fl_70/dir_04_bokehlicious_F10_intp/0016_bottom_right_net_large_f10.0_IMG_4692.png
https://f004.backblazeb2.com/file/dof-mos/Scene1/fl_70/dir_00_F2.8_align_whitebal/0017_top_right_IMG_4701.png,https://f004.backblazeb2.com/file/dof-mos/Scene1/fl_70/dir_01_bokehme_dfs20_K40_dispfocus0.15/0017_top_right_frame_0017.jpg,https://f004.backblazeb2.com/file/dof-mos/Scene1/fl_70/dir_02_drbokeh_K15_fp0.3_ls71/0017_top_right_IMG_4693.png,https://f004.backblazeb2.com/file/dof-mos/Scene1/fl_70/dir_03_demo/0017_top_right_IMG_4693_15.0_-0.42.jpg,https://f004.backblazeb2.com/file/dof-mos/Scene1/fl_70/dir_04_bokehlicious_F10_intp/0017_top_right_net_large_f10.0_IMG_4693.png
https://f004.backblazeb2.com/file/dof-mos/Scene1/fl_70/dir_00_F2.8_align_whitebal/0018_bottom_right_IMG_4702.png,https://f004.backblazeb2.com/file/dof-mos/Scene1/fl_70/dir_01_bokehme_dfs20_K40_dispfocus0.15/0018_bottom_right_frame_0018.jpg,https://f004.backblazeb2.com/file/dof-mos/Scene1/fl_70/dir_02_drbokeh_K15_fp0.3_ls71/0018_bottom_right_IMG_4710.png,https://f004.backblazeb2.com/file/dof-mos/Scene1/fl_70/dir_03_demo/0018_bottom_right_IMG_4710_15.0_-0.42.jpg,https://f004.backblazeb2.com/file/dof-mos/Scene1/fl_70/dir_04_bokehlicious_F10_intp/0018_bottom_right_net_large_f10.0_IMG_4710.png
https://f004.backblazeb2.com/file/dof-mos/Scene1/fl_70/dir_00_F2.8_align_whitebal/0019_bottom_left_IMG_4703.png,https://f004.backblazeb2.com/file/dof-mos/Scene1/fl_70/dir_01_bokehme_dfs20_K40_dispfocus0.15/0019_bottom_left_frame_0019.jpg,https://f004.backblazeb2.com/file/dof-mos/Scene1/fl_70/dir_02_drbokeh_K15_fp0.3_ls71/0019_bottom_left_IMG_4711.png,https://f004.backblazeb2.com/file/dof-mos/Scene1/fl_70/dir_03_demo/0019_bottom_left_IMG_4711_15.0_-0.42.jpg,https://f004.backblazeb2.com/file/dof-mos/Scene1/fl_70/dir_04_bokehlicious_F10_intp/0019_bottom_left_net_large_f10.0_IMG_4711.png
https://f004.backblazeb2.com/file/dof-mos/Scene1/fl_70/dir_00_F2.8_align_whitebal/0020_bottom_right_IMG_4720.png,https://f004.backblazeb2.com/file/dof-mos/Scene1/fl_70/dir_01_bokehme_dfs20_K40_dispfocus0.15/0020_bottom_right_frame_0020.jpg,https://f004.backblazeb2.com/file/dof-mos/Scene1/fl_70/dir_02_drbokeh_K15_fp0.3_ls71/0020_bottom_right_IMG_4712.png,https://f004.backblazeb2.com/file/dof-mos/Scene1/fl_70/dir_03_demo/0020_bottom_right_IMG_4712_15.0_-0.42.jpg,https://f004.backblazeb2.com/file/dof-mos/Scene1/fl_70/dir_04_bokehlicious_F10_intp/0020_bottom_right_net_large_f10.0_IMG_4712.png
https://f004.backblazeb2.com/file/dof-mos/Scene1/fl_70/dir_00_F2.8_align_whitebal/0021_top_left_IMG_4721.png,https://f004.backblazeb2.com/file/dof-mos/Scene1/fl_70/dir_01_bokehme_dfs20_K40_dispfocus0.15/0021_top_left_frame_0021.jpg,https://f004.backblazeb2.com/file/dof-mos/Scene1/fl_70/dir_02_drbokeh_K15_fp0.3_ls71/0021_top_left_IMG_4713.png,https://f004.backblazeb2.com/file/dof-mos/Scene1/fl_70/dir_03_demo/0021_top_left_IMG_4713_15.0_-0.42.jpg,https://f004.backblazeb2.com/file/dof-mos/Scene1/fl_70/dir_04_bokehlicious_F10_intp/0021_top_left_net_large_f10.0_IMG_4713.png
https://f004.backblazeb2.com/file/dof-mos/Scene1/fl_70/dir_00_F2.8_align_whitebal/0022_center_IMG_4619.png,https://f004.backblazeb2.com/file/dof-mos/Scene1/fl_70/dir_01_bokehme_dfs20_K40_dispfocus0.15/0022_center_frame_0000.jpg,https://f004.backblazeb2.com/file/dof-mos/Scene1/fl_70/dir_02_drbokeh_K15_fp0.3_ls71/0022_center_IMG_4611.png,https://f004.backblazeb2.com/file/dof-mos/Scene1/fl_70/dir_03_demo/0022_center_IMG_4611_15.0_-0.42.jpg,https://f004.backblazeb2.com/file/dof-mos/Scene1/fl_70/dir_04_bokehlicious_F10_intp/0022_center_net_large_f10.0_IMG_4611.png
https://f004.backblazeb2.com/file/dof-mos/Scene1/fl_70/dir_00_F2.8_align_whitebal/0023_center_IMG_4620.png,https://f004.backblazeb2.com/file/dof-mos/Scene1/fl_70/dir_01_bokehme_dfs20_K40_dispfocus0.15/0023_center_frame_0001.jpg,https://f004.backblazeb2.com/file/dof-mos/Scene1/fl_70/dir_02_drbokeh_K15_fp0.3_ls71/0023_center_IMG_4612.png,https://f004.backblazeb2.com/file/dof-mos/Scene1/fl_70/dir_03_demo/0023_center_IMG_4612_15.0_-0.42.jpg,https://f004.backblazeb2.com/file/dof-mos/Scene1/fl_70/dir_04_bokehlicious_F10_intp/0023_center_net_large_f10.0_IMG_4612.png
https://f004.backblazeb2.com/file/dof-mos/Scene1/fl_70/dir_00_F2.8_align_whitebal/0024_center_IMG_4621.png,https://f004.backblazeb2.com/file/dof-mos/Scene1/fl_70/dir_01_bokehme_dfs20_K40_dispfocus0.15/0024_center_frame_0002.jpg,https://f004.backblazeb2.com/file/dof-mos/Scene1/fl_70/dir_02_drbokeh_K15_fp0.3_ls71/0024_center_IMG_4629.png,https://f004.backblazeb2.com/file/dof-mos/Scene1/fl_70/dir_03_demo/0024_center_IMG_4629_15.0_-0.42.jpg,https://f004.backblazeb2.com/file/dof-mos/Scene1/fl_70/dir_04_bokehlicious_F10_intp/0024_center_net_large_f10.0_IMG_4629.png
https://f004.backblazeb2.com/file/dof-mos/Scene1/fl_70/dir_00_F2.8_align_whitebal/0025_center_IMG_4622.png,https://f004.backblazeb2.com/file/dof-mos/Scene1/fl_70/dir_01_bokehme_dfs20_K40_dispfocus0.15/0025_center_frame_0003.jpg,https://f004.backblazeb2.com/file/dof-mos/Scene1/fl_70/dir_02_drbokeh_K15_fp0.3_ls71/0025_center_IMG_4630.png,https://f004.backblazeb2.com/file/dof-mos/Scene1/fl_70/dir_03_demo/0025_center_IMG_4630_15.0_-0.42.jpg,https://f004.backblazeb2.com/file/dof-mos/Scene1/fl_70/dir_04_bokehlicious_F10_intp/0025_center_net_large_f10.0_IMG_4630.png
https://f004.backblazeb2.com/file/dof-mos/Scene1/fl_70/dir_00_F2.8_align_whitebal/0026_center_IMG_4640.png,https://f004.backblazeb2.com/file/dof-mos/Scene1/fl_70/dir_01_bokehme_dfs20_K40_dispfocus0.15/0026_center_frame_0004.jpg,https://f004.backblazeb2.com/file/dof-mos/Scene1/fl_70/dir_02_drbokeh_K15_fp0.3_ls71/0026_center_IMG_4632.png,https://f004.backblazeb2.com/file/dof-mos/Scene1/fl_70/dir_03_demo/0026_center_IMG_4632_15.0_-0.42.jpg,https://f004.backblazeb2.com/file/dof-mos/Scene1/fl_70/dir_04_bokehlicious_F10_intp/0026_center_net_large_f10.0_IMG_4632.png
https://f004.backblazeb2.com/file/dof-mos/Scene1/fl_70/dir_00_F2.8_align_whitebal/0027_center_IMG_4641.png,https://f004.backblazeb2.com/file/dof-mos/Scene1/fl_70/dir_01_bokehme_dfs20_K40_dispfocus0.15/0027_center_frame_0005.jpg,https://f004.backblazeb2.com/file/dof-mos/Scene1/fl_70/dir_02_drbokeh_K15_fp0.3_ls71/0027_center_IMG_4633.png,https://f004.backblazeb2.com/file/dof-mos/Scene1/fl_70/dir_03_demo/0027_center_IMG_4633_15.0_-0.42.jpg,https://f004.backblazeb2.com/file/dof-mos/Scene1/fl_70/dir_04_bokehlicious_F10_intp/0027_center_net_large_f10.0_IMG_4633.png
https://f004.backblazeb2.com/file/dof-mos/Scene1/fl_70/dir_00_F2.8_align_whitebal/0028_center_IMG_4642.png,https://f004.backblazeb2.com/file/dof-mos/Scene1/fl_70/dir_01_bokehme_dfs20_K40_dispfocus0.15/0028_center_frame_0006.jpg,https://f004.backblazeb2.com/file/dof-mos/Scene1/fl_70/dir_02_drbokeh_K15_fp0.3_ls71/0028_center_IMG_4650.png,https://f004.backblazeb2.com/file/dof-mos/Scene1/fl_70/dir_03_demo/0028_center_IMG_4650_15.0_-0.42.jpg,https://f004.backblazeb2.com/file/dof-mos/Scene1/fl_70/dir_04_bokehlicious_F10_intp/0028_center_net_large_f10.0_IMG_4650.png
https://f004.backblazeb2.com/file/dof-mos/Scene1/fl_70/dir_00_F2.8_align_whitebal/0029_center_IMG_4643.png,https://f004.backblazeb2.com/file/dof-mos/Scene1/fl_70/dir_01_bokehme_dfs20_K40_dispfocus0.15/0029_center_frame_0007.jpg,https://f004.backblazeb2.com/file/dof-mos/Scene1/fl_70/dir_02_drbokeh_K15_fp0.3_ls71/0029_center_IMG_4651.png,https://f004.backblazeb2.com/file/dof-mos/Scene1/fl_70/dir_03_demo/0029_center_IMG_4651_15.0_-0.42.jpg,https://f004.backblazeb2.com/file/dof-mos/Scene1/fl_70/dir_04_bokehlicious_F10_intp/0029_center_net_large_f10.0_IMG_4651.png
https://f004.backblazeb2.com/file/dof-mos/Scene1/fl_70/dir_00_F2.8_align_whitebal/0030_center_IMG_4660.png,https://f004.backblazeb2.com/file/dof-mos/Scene1/fl_70/dir_01_bokehme_dfs20_K40_dispfocus0.15/0030_center_frame_0008.jpg,https://f004.backblazeb2.com/file/dof-mos/Scene1/fl_70/dir_02_drbokeh_K15_fp0.3_ls71/0030_center_IMG_4652.png,https://f004.backblazeb2.com/file/dof-mos/Scene1/fl_70/dir_03_demo/0030_center_IMG_4652_15.0_-0.42.jpg,https://f004.backblazeb2.com/file/dof-mos/Scene1/fl_70/dir_04_bokehlicious_F10_intp/0030_center_net_large_f10.0_IMG_4652.png
https://f004.backblazeb2.com/file/dof-mos/Scene1/fl_70/dir_00_F2.8_align_whitebal/0031_center_IMG_4661.png,https://f004.backblazeb2.com/file/dof-mos/Scene1/fl_70/dir_01_bokehme_dfs20_K40_dispfocus0.15/0031_center_frame_0009.jpg,https://f004.backblazeb2.com/file/dof-mos/Scene1/fl_70/dir_02_drbokeh_K15_fp0.3_ls71/0031_center_IMG_4653.png,https://f004.backblazeb2.com/file/dof-mos/Scene1/fl_70/dir_03_demo/0031_center_IMG_4653_15.0_-0.42.jpg,https://f004.backblazeb2.com/file/dof-mos/Scene1/fl_70/dir_04_bokehlicious_F10_intp/0031_center_net_large_f10.0_IMG_4653.png
https://f004.backblazeb2.com/file/dof-mos/Scene1/fl_70/dir_00_F2.8_align_whitebal/0032_center_IMG_4662.png,https://f004.backblazeb2.com/file/dof-mos/Scene1/fl_70/dir_01_bokehme_dfs20_K40_dispfocus0.15/0032_center_frame_0010.jpg,https://f004.backblazeb2.com/file/dof-mos/Scene1/fl_70/dir_02_drbokeh_K15_fp0.3_ls71/0032_center_IMG_4670.png,https://f004.backblazeb2.com/file/dof-mos/Scene1/fl_70/dir_03_demo/0032_center_IMG_4670_15.0_-0.42.jpg,https://f004.backblazeb2.com/file/dof-mos/Scene1/fl_70/dir_04_bokehlicious_F10_intp/0032_center_net_large_f10.0_IMG_4670.png
https://f004.backblazeb2.com/file/dof-mos/Scene1/fl_70/dir_00_F2.8_align_whitebal/0033_center_IMG_4663.png,https://f004.backblazeb2.com/file/dof-mos/Scene1/fl_70/dir_01_bokehme_dfs20_K40_dispfocus0.15/0033_center_frame_0011.jpg,https://f004.backblazeb2.com/file/dof-mos/Scene1/fl_70/dir_02_drbokeh_K15_fp0.3_ls71/0033_center_IMG_4671.png,https://f004.backblazeb2.com/file/dof-mos/Scene1/fl_70/dir_03_demo/0033_center_IMG_4671_15.0_-0.42.jpg,https://f004.backblazeb2.com/file/dof-mos/Scene1/fl_70/dir_04_bokehlicious_F10_intp/0033_center_net_large_f10.0_IMG_4671.png
https://f004.backblazeb2.com/file/dof-mos/Scene1/fl_70/dir_00_F2.8_align_whitebal/0034_center_IMG_4680.png,https://f004.backblazeb2.com/file/dof-mos/Scene1/fl_70/dir_01_bokehme_dfs20_K40_dispfocus0.15/0034_center_frame_0012.jpg,https://f004.backblazeb2.com/file/dof-mos/Scene1/fl_70/dir_02_drbokeh_K15_fp0.3_ls71/0034_center_IMG_4672.png,https://f004.backblazeb2.com/file/dof-mos/Scene1/fl_70/dir_03_demo/0034_center_IMG_4672_15.0_-0.42.jpg,https://f004.backblazeb2.com/file/dof-mos/Scene1/fl_70/dir_04_bokehlicious_F10_intp/0034_center_net_large_f10.0_IMG_4672.png
https://f004.backblazeb2.com/file/dof-mos/Scene1/fl_70/dir_00_F2.8_align_whitebal/0035_center_IMG_4681.png,https://f004.backblazeb2.com/file/dof-mos/Scene1/fl_70/dir_01_bokehme_dfs20_K40_dispfocus0.15/0035_center_frame_0013.jpg,https://f004.backblazeb2.com/file/dof-mos/Scene1/fl_70/dir_02_drbokeh_K15_fp0.3_ls71/0035_center_IMG_4673.png,https://f004.backblazeb2.com/file/dof-mos/Scene1/fl_70/dir_03_demo/0035_center_IMG_4673_15.0_-0.42.jpg,https://f004.backblazeb2.com/file/dof-mos/Scene1/fl_70/dir_04_bokehlicious_F10_intp/0035_center_net_large_f10.0_IMG_4673.png
https://f004.backblazeb2.com/file/dof-mos/Scene1/fl_70/dir_00_F2.8_align_whitebal/0036_center_IMG_4682.png,https://f004.backblazeb2.com/file/dof-mos/Scene1/fl_70/dir_01_bokehme_dfs20_K40_dispfocus0.15/0036_center_frame_0014.jpg,https://f004.backblazeb2.com/file/dof-mos/Scene1/fl_70/dir_02_drbokeh_K15_fp0.3_ls71/0036_center_IMG_4690.png,https://f004.backblazeb2.com/file/dof-mos/Scene1/fl_70/dir_03_demo/0036_center_IMG_4690_15.0_-0.42.jpg,https://f004.backblazeb2.com/file/dof-mos/Scene1/fl_70/dir_04_bokehlicious_F10_intp/0036_center_net_large_f10.0_IMG_4690.png
https://f004.backblazeb2.com/file/dof-mos/Scene1/fl_70/dir_00_F2.8_align_whitebal/0037_center_IMG_4683.png,https://f004.backblazeb2.com/file/dof-mos/Scene1/fl_70/dir_01_bokehme_dfs20_K40_dispfocus0.15/0037_center_frame_0015.jpg,https://f004.backblazeb2.com/file/dof-mos/Scene1/fl_70/dir_02_drbokeh_K15_fp0.3_ls71/0037_center_IMG_4691.png,https://f004.backblazeb2.com/file/dof-mos/Scene1/fl_70/dir_03_demo/0037_center_IMG_4691_15.0_-0.42.jpg,https://f004.backblazeb2.com/file/dof-mos/Scene1/fl_70/dir_04_bokehlicious_F10_intp/0037_center_net_large_f10.0_IMG_4691.png
https://f004.backblazeb2.com/file/dof-mos/Scene1/fl_70/dir_00_F2.8_align_whitebal/0038_center_IMG_4700.png,https://f004.backblazeb2.com/file/dof-mos/Scene1/fl_70/dir_01_bokehme_dfs20_K40_dispfocus0.15/0038_center_frame_0016.jpg,https://f004.backblazeb2.com/file/dof-mos/Scene1/fl_70/dir_02_drbokeh_K15_fp0.3_ls71/0038_center_IMG_4692.png,https://f004.backblazeb2.com/file/dof-mos/Scene1/fl_70/dir_03_demo/0038_center_IMG_4692_15.0_-0.42.jpg,https://f004.backblazeb2.com/file/dof-mos/Scene1/fl_70/dir_04_bokehlicious_F10_intp/0038_center_net_large_f10.0_IMG_4692.png
https://f004.backblazeb2.com/file/dof-mos/Scene1/fl_70/dir_00_F2.8_align_whitebal/0039_center_IMG_4701.png,https://f004.backblazeb2.com/file/dof-mos/Scene1/fl_70/dir_01_bokehme_dfs20_K40_dispfocus0.15/0039_center_frame_0017.jpg,https://f004.backblazeb2.com/file/dof-mos/Scene1/fl_70/dir_02_drbokeh_K15_fp0.3_ls71/0039_center_IMG_4693.png,https://f004.backblazeb2.com/file/dof-mos/Scene1/fl_70/dir_03_demo/0039_center_IMG_4693_15.0_-0.42.jpg,https://f004.backblazeb2.com/file/dof-mos/Scene1/fl_70/dir_04_bokehlicious_F10_intp/0039_center_net_large_f10.0_IMG_4693.png
https://f004.backblazeb2.com/file/dof-mos/Scene1/fl_70/dir_00_F2.8_align_whitebal/0040_center_IMG_4702.png,https://f004.backblazeb2.com/file/dof-mos/Scene1/fl_70/dir_01_bokehme_dfs20_K40_dispfocus0.15/0040_center_frame_0018.jpg,https://f004.backblazeb2.com/file/dof-mos/Scene1/fl_70/dir_02_drbokeh_K15_fp0.3_ls71/0040_center_IMG_4710.png,https://f004.backblazeb2.com/file/dof-mos/Scene1/fl_70/dir_03_demo/0040_center_IMG_4710_15.0_-0.42.jpg,https://f004.backblazeb2.com/file/dof-mos/Scene1/fl_70/dir_04_bokehlicious_F10_intp/0040_center_net_large_f10.0_IMG_4710.png
https://f004.backblazeb2.com/file/dof-mos/Scene1/fl_70/dir_00_F2.8_align_whitebal/0041_center_IMG_4703.png,https://f004.backblazeb2.com/file/dof-mos/Scene1/fl_70/dir_01_bokehme_dfs20_K40_dispfocus0.15/0041_center_frame_0019.jpg,https://f004.backblazeb2.com/file/dof-mos/Scene1/fl_70/dir_02_drbokeh_K15_fp0.3_ls71/0041_center_IMG_4711.png,https://f004.backblazeb2.com/file/dof-mos/Scene1/fl_70/dir_03_demo/0041_center_IMG_4711_15.0_-0.42.jpg,https://f004.backblazeb2.com/file/dof-mos/Scene1/fl_70/dir_04_bokehlicious_F10_intp/0041_center_net_large_f10.0_IMG_4711.png
https://f004.backblazeb2.com/file/dof-mos/Scene1/fl_70/dir_00_F2.8_align_whitebal/0042_center_IMG_4720.png,https://f004.backblazeb2.com/file/dof-mos/Scene1/fl_70/dir_01_bokehme_dfs20_K40_dispfocus0.15/0042_center_frame_0020.jpg,https://f004.backblazeb2.com/file/dof-mos/Scene1/fl_70/dir_02_drbokeh_K15_fp0.3_ls71/0042_center_IMG_4712.png,https://f004.backblazeb2.com/file/dof-mos/Scene1/fl_70/dir_03_demo/0042_center_IMG_4712_15.0_-0.42.jpg,https://f004.backblazeb2.com/file/dof-mos/Scene1/fl_70/dir_04_bokehlicious_F10_intp/0042_center_net_large_f10.0_IMG_4712.png
https://f004.backblazeb2.com/file/dof-mos/Scene1/fl_70/dir_00_F2.8_align_whitebal/0043_center_IMG_4721.png,https://f004.backblazeb2.com/file/dof-mos/Scene1/fl_70/dir_01_bokehme_dfs20_K40_dispfocus0.15/0043_center_frame_0021.jpg,https://f004.backblazeb2.com/file/dof-mos/Scene1/fl_70/dir_02_drbokeh_K15_fp0.3_ls71/0043_center_IMG_4713.png,https://f004.backblazeb2.com/file/dof-mos/Scene1/fl_70/dir_03_demo/0043_center_IMG_4713_15.0_-0.42.jpg,https://f004.backblazeb2.com/file/dof-mos/Scene1/fl_70/dir_04_bokehlicious_F10_intp/0043_center_net_large_f10.0_IMG_4713.png
https://f004.backblazeb2.com/file/dof-mos/Scene3/fl_45/dir_00_F2.8_align_whitebal/0000_bottom_left_IMG_7863.png,https://f004.backblazeb2.com/file/dof-mos/Scene3/fl_45/dir_01_bokehme_dfs20_K40_dispfocus0.15/0000_bottom_left_frame_0000.jpg,https://f004.backblazeb2.com/file/dof-mos/Scene3/fl_45/dir_02_drbokeh_K15_fp0.3/0000_bottom_left_IMG_7855.png,https://f004.backblazeb2.com/file/dof-mos/Scene3/fl_45/dir_03_demo/0000_bottom_left_IMG_7855_15.0_-0.42.jpg,https://f004.backblazeb2.com/file/dof-mos/Scene3/fl_45/dir_04_bokehlicious_fl_45_A_13_intp/0000_bottom_left_net_large_f13.0_IMG_7855.png
https://f004.backblazeb2.com/file/dof-mos/Scene3/fl_45/dir_00_F2.8_align_whitebal/0001_top_right_IMG_7864.png,https://f004.backblazeb2.com/file/dof-mos/Scene3/fl_45/dir_01_bokehme_dfs20_K40_dispfocus0.15/0001_top_right_frame_0001.jpg,https://f004.backblazeb2.com/file/dof-mos/Scene3/fl_45/dir_02_drbokeh_K15_fp0.3/0001_top_right_IMG_7856.png,https://f004.backblazeb2.com/file/dof-mos/Scene3/fl_45/dir_03_demo/0001_top_right_IMG_7856_15.0_-0.42.jpg,https://f004.backblazeb2.com/file/dof-mos/Scene3/fl_45/dir_04_bokehlicious_fl_45_A_13_intp/0001_top_right_net_large_f13.0_IMG_7856.png
https://f004.backblazeb2.com/file/dof-mos/Scene3/fl_45/dir_00_F2.8_align_whitebal/0002_bottom_right_IMG_7865.png,https://f004.backblazeb2.com/file/dof-mos/Scene3/fl_45/dir_01_bokehme_dfs20_K40_dispfocus0.15/0002_bottom_right_frame_0002.jpg,https://f004.backblazeb2.com/file/dof-mos/Scene3/fl_45/dir_02_drbokeh_K15_fp0.3/0002_bottom_right_IMG_7873.png,https://f004.backblazeb2.com/file/dof-mos/Scene3/fl_45/dir_03_demo/0002_bottom_right_IMG_7873_15.0_-0.42.jpg,https://f004.backblazeb2.com/file/dof-mos/Scene3/fl_45/dir_04_bokehlicious_fl_45_A_13_intp/0002_bottom_right_net_large_f13.0_IMG_7873.png
https://f004.backblazeb2.com/file/dof-mos/Scene3/fl_45/dir_00_F2.8_align_whitebal/0003_bottom_left_IMG_7866.png,https://f004.backblazeb2.com/file/dof-mos/Scene3/fl_45/dir_01_bokehme_dfs20_K40_dispfocus0.15/0003_bottom_left_frame_0003.jpg,https://f004.backblazeb2.com/file/dof-mos/Scene3/fl_45/dir_02_drbokeh_K15_fp0.3/0003_bottom_left_IMG_7874.png,https://f004.backblazeb2.com/file/dof-mos/Scene3/fl_45/dir_03_demo/0003_bottom_left_IMG_7874_15.0_-0.42.jpg,https://f004.backblazeb2.com/file/dof-mos/Scene3/fl_45/dir_04_bokehlicious_fl_45_A_13_intp/0003_bottom_left_net_large_f13.0_IMG_7874.png
https://f004.backblazeb2.com/file/dof-mos/Scene3/fl_45/dir_00_F2.8_align_whitebal/0004_bottom_left_IMG_7883.png,https://f004.backblazeb2.com/file/dof-mos/Scene3/fl_45/dir_01_bokehme_dfs20_K40_dispfocus0.15/0004_bottom_left_frame_0004.jpg,https://f004.backblazeb2.com/file/dof-mos/Scene3/fl_45/dir_02_drbokeh_K15_fp0.3/0004_bottom_left_IMG_7875.png,https://f004.backblazeb2.com/file/dof-mos/Scene3/fl_45/dir_03_demo/0004_bottom_left_IMG_7875_15.0_-0.42.jpg,https://f004.backblazeb2.com/file/dof-mos/Scene3/fl_45/dir_04_bokehlicious_fl_45_A_13_intp/0004_bottom_left_net_large_f13.0_IMG_7875.png
https://f004.backblazeb2.com/file/dof-mos/Scene3/fl_45/dir_00_F2.8_align_whitebal/0005_top_right_IMG_7884.png,https://f004.backblazeb2.com/file/dof-mos/Scene3/fl_45/dir_01_bokehme_dfs20_K40_dispfocus0.15/0005_top_right_frame_0005.jpg,https://f004.backblazeb2.com/file/dof-mos/Scene3/fl_45/dir_02_drbokeh_K15_fp0.3/0005_top_right_IMG_7876.png,https://f004.backblazeb2.com/file/dof-mos/Scene3/fl_45/dir_03_demo/0005_top_right_IMG_7876_15.0_-0.42.jpg,https://f004.backblazeb2.com/file/dof-mos/Scene3/fl_45/dir_04_bokehlicious_fl_45_A_13_intp/0005_top_right_net_large_f13.0_IMG_7876.png
https://f004.backblazeb2.com/file/dof-mos/Scene3/fl_45/dir_00_F2.8_align_whitebal/0006_top_left_IMG_7885.png,https://f004.backblazeb2.com/file/dof-mos/Scene3/fl_45/dir_01_bokehme_dfs20_K40_dispfocus0.15/0006_top_left_frame_0006.jpg,https://f004.backblazeb2.com/file/dof-mos/Scene3/fl_45/dir_02_drbokeh_K15_fp0.3/0006_top_left_IMG_7893.png,https://f004.backblazeb2.com/file/dof-mos/Scene3/fl_45/dir_03_demo/0006_top_left_IMG_7893_15.0_-0.42.jpg,https://f004.backblazeb2.com/file/dof-mos/Scene3/fl_45/dir_04_bokehlicious_fl_45_A_13_intp/0006_top_left_net_large_f13.0_IMG_7893.png
https://f004.backblazeb2.com/file/dof-mos/Scene3/fl_45/dir_00_F2.8_align_whitebal/0007_top_left_IMG_7886.png,https://f004.backblazeb2.com/file/dof-mos/Scene3/fl_45/dir_01_bokehme_dfs20_K40_dispfocus0.15/0007_top_left_frame_0007.jpg,https://f004.backblazeb2.com/file/dof-mos/Scene3/fl_45/dir_02_drbokeh_K15_fp0.3/0007_top_left_IMG_7894.png,https://f004.backblazeb2.com/file/dof-mos/Scene3/fl_45/dir_03_demo/0007_top_left_IMG_7894_15.0_-0.42.jpg,https://f004.backblazeb2.com/file/dof-mos/Scene3/fl_45/dir_04_bokehlicious_fl_45_A_13_intp/0007_top_left_net_large_f13.0_IMG_7894.png
https://f004.backblazeb2.com/file/dof-mos/Scene3/fl_45/dir_00_F2.8_align_whitebal/0008_bottom_left_IMG_7903.png,https://f004.backblazeb2.com/file/dof-mos/Scene3/fl_45/dir_01_bokehme_dfs20_K40_dispfocus0.15/0008_bottom_left_frame_0008.jpg,https://f004.backblazeb2.com/file/dof-mos/Scene3/fl_45/dir_02_drbokeh_K15_fp0.3/0008_bottom_left_IMG_7895.png,https://f004.backblazeb2.com/file/dof-mos/Scene3/fl_45/dir_03_demo/0008_bottom_left_IMG_7895_15.0_-0.42.jpg,https://f004.backblazeb2.com/file/dof-mos/Scene3/fl_45/dir_04_bokehlicious_fl_45_A_13_intp/0008_bottom_left_net_large_f13.0_IMG_7895.png
https://f004.backblazeb2.com/file/dof-mos/Scene3/fl_45/dir_00_F2.8_align_whitebal/0009_top_right_IMG_7904.png,https://f004.backblazeb2.com/file/dof-mos/Scene3/fl_45/dir_01_bokehme_dfs20_K40_dispfocus0.15/0009_top_right_frame_0009.jpg,https://f004.backblazeb2.com/file/dof-mos/Scene3/fl_45/dir_02_drbokeh_K15_fp0.3/0009_top_right_IMG_7896.png,https://f004.backblazeb2.com/file/dof-mos/Scene3/fl_45/dir_03_demo/0009_top_right_IMG_7896_15.0_-0.42.jpg,https://f004.backblazeb2.com/file/dof-mos/Scene3/fl_45/dir_04_bokehlicious_fl_45_A_13_intp/0009_top_right_net_large_f13.0_IMG_7896.png
https://f004.backblazeb2.com/file/dof-mos/Scene3/fl_45/dir_00_F2.8_align_whitebal/0010_top_left_IMG_7905.png,https://f004.backblazeb2.com/file/dof-mos/Scene3/fl_45/dir_01_bokehme_dfs20_K40_dispfocus0.15/0010_top_left_frame_0010.jpg,https://f004.backblazeb2.com/file/dof-mos/Scene3/fl_45/dir_02_drbokeh_K15_fp0.3/0010_top_left_IMG_7913.png,https://f004.backblazeb2.com/file/dof-mos/Scene3/fl_45/dir_03_demo/0010_top_left_IMG_7913_15.0_-0.42.jpg,https://f004.backblazeb2.com/file/dof-mos/Scene3/fl_45/dir_04_bokehlicious_fl_45_A_13_intp/0010_top_left_net_large_f13.0_IMG_7913.png
https://f004.backblazeb2.com/file/dof-mos/Scene3/fl_45/dir_00_F2.8_align_whitebal/0011_top_right_IMG_7906.png,https://f004.backblazeb2.com/file/dof-mos/Scene3/fl_45/dir_01_bokehme_dfs20_K40_dispfocus0.15/0011_top_right_frame_0011.jpg,https://f004.backblazeb2.com/file/dof-mos/Scene3/fl_45/dir_02_drbokeh_K15_fp0.3/0011_top_right_IMG_7914.png,https://f004.backblazeb2.com/file/dof-mos/Scene3/fl_45/dir_03_demo/0011_top_right_IMG_7914_15.0_-0.42.jpg,https://f004.backblazeb2.com/file/dof-mos/Scene3/fl_45/dir_04_bokehlicious_fl_45_A_13_intp/0011_top_right_net_large_f13.0_IMG_7914.png
https://f004.backblazeb2.com/file/dof-mos/Scene3/fl_45/dir_00_F2.8_align_whitebal/0012_bottom_left_IMG_7923.png,https://f004.backblazeb2.com/file/dof-mos/Scene3/fl_45/dir_01_bokehme_dfs20_K40_dispfocus0.15/0012_bottom_left_frame_0012.jpg,https://f004.backblazeb2.com/file/dof-mos/Scene3/fl_45/dir_02_drbokeh_K15_fp0.3/0012_bottom_left_IMG_7915.png,https://f004.backblazeb2.com/file/dof-mos/Scene3/fl_45/dir_03_demo/0012_bottom_left_IMG_7915_15.0_-0.42.jpg,https://f004.backblazeb2.com/file/dof-mos/Scene3/fl_45/dir_04_bokehlicious_fl_45_A_13_intp/0012_bottom_left_net_large_f13.0_IMG_7915.png
https://f004.backblazeb2.com/file/dof-mos/Scene3/fl_45/dir_00_F2.8_align_whitebal/0013_top_right_IMG_7924.png,https://f004.backblazeb2.com/file/dof-mos/Scene3/fl_45/dir_01_bokehme_dfs20_K40_dispfocus0.15/0013_top_right_frame_0013.jpg,https://f004.backblazeb2.com/file/dof-mos/Scene3/fl_45/dir_02_drbokeh_K15_fp0.3/0013_top_right_IMG_7916.png,https://f004.backblazeb2.com/file/dof-mos/Scene3/fl_45/dir_03_demo/0013_top_right_IMG_7916_15.0_-0.42.jpg,https://f004.backblazeb2.com/file/dof-mos/Scene3/fl_45/dir_04_bokehlicious_fl_45_A_13_intp/0013_top_right_net_large_f13.0_IMG_7916.png
https://f004.backblazeb2.com/file/dof-mos/Scene3/fl_45/dir_00_F2.8_align_whitebal/0014_top_left_IMG_7925.png,https://f004.backblazeb2.com/file/dof-mos/Scene3/fl_45/dir_01_bokehme_dfs20_K40_dispfocus0.15/0014_top_left_frame_0014.jpg,https://f004.backblazeb2.com/file/dof-mos/Scene3/fl_45/dir_02_drbokeh_K15_fp0.3/0014_top_left_IMG_7933.png,https://f004.backblazeb2.com/file/dof-mos/Scene3/fl_45/dir_03_demo/0014_top_left_IMG_7933_15.0_-0.42.jpg,https://f004.backblazeb2.com/file/dof-mos/Scene3/fl_45/dir_04_bokehlicious_fl_45_A_13_intp/0014_top_left_net_large_f13.0_IMG_7933.png
https://f004.backblazeb2.com/file/dof-mos/Scene3/fl_45/dir_00_F2.8_align_whitebal/0015_top_left_IMG_7926.png,https://f004.backblazeb2.com/file/dof-mos/Scene3/fl_45/dir_01_bokehme_dfs20_K40_dispfocus0.15/0015_top_left_frame_0015.jpg,https://f004.backblazeb2.com/file/dof-mos/Scene3/fl_45/dir_02_drbokeh_K15_fp0.3/0015_top_left_IMG_7934.png,https://f004.backblazeb2.com/file/dof-mos/Scene3/fl_45/dir_03_demo/0015_top_left_IMG_7934_15.0_-0.42.jpg,https://f004.backblazeb2.com/file/dof-mos/Scene3/fl_45/dir_04_bokehlicious_fl_45_A_13_intp/0015_top_left_net_large_f13.0_IMG_7934.png
https://f004.backblazeb2.com/file/dof-mos/Scene3/fl_45/dir_00_F2.8_align_whitebal/0016_bottom_left_IMG_7943.png,https://f004.backblazeb2.com/file/dof-mos/Scene3/fl_45/dir_01_bokehme_dfs20_K40_dispfocus0.15/0016_bottom_left_frame_0016.jpg,https://f004.backblazeb2.com/file/dof-mos/Scene3/fl_45/dir_02_drbokeh_K15_fp0.3/0016_bottom_left_IMG_7935.png,https://f004.backblazeb2.com/file/dof-mos/Scene3/fl_45/dir_03_demo/0016_bottom_left_IMG_7935_15.0_-0.42.jpg,https://f004.backblazeb2.com/file/dof-mos/Scene3/fl_45/dir_04_bokehlicious_fl_45_A_13_intp/0016_bottom_left_net_large_f13.0_IMG_7935.png
https://f004.backblazeb2.com/file/dof-mos/Scene3/fl_45/dir_00_F2.8_align_whitebal/0017_top_left_IMG_7944.png,https://f004.backblazeb2.com/file/dof-mos/Scene3/fl_45/dir_01_bokehme_dfs20_K40_dispfocus0.15/0017_top_left_frame_0017.jpg,https://f004.backblazeb2.com/file/dof-mos/Scene3/fl_45/dir_02_drbokeh_K15_fp0.3/0017_top_left_IMG_7936.png,https://f004.backblazeb2.com/file/dof-mos/Scene3/fl_45/dir_03_demo/0017_top_left_IMG_7936_15.0_-0.42.jpg,https://f004.backblazeb2.com/file/dof-mos/Scene3/fl_45/dir_04_bokehlicious_fl_45_A_13_intp/0017_top_left_net_large_f13.0_IMG_7936.png
https://f004.backblazeb2.com/file/dof-mos/Scene3/fl_45/dir_00_F2.8_align_whitebal/0018_center_IMG_7863.png,https://f004.backblazeb2.com/file/dof-mos/Scene3/fl_45/dir_01_bokehme_dfs20_K40_dispfocus0.15/0018_center_frame_0000.jpg,https://f004.backblazeb2.com/file/dof-mos/Scene3/fl_45/dir_02_drbokeh_K15_fp0.3/0018_center_IMG_7855.png,https://f004.backblazeb2.com/file/dof-mos/Scene3/fl_45/dir_03_demo/0018_center_IMG_7855_15.0_-0.42.jpg,https://f004.backblazeb2.com/file/dof-mos/Scene3/fl_45/dir_04_bokehlicious_fl_45_A_13_intp/0018_center_net_large_f13.0_IMG_7855.png
https://f004.backblazeb2.com/file/dof-mos/Scene3/fl_45/dir_00_F2.8_align_whitebal/0019_center_IMG_7864.png,https://f004.backblazeb2.com/file/dof-mos/Scene3/fl_45/dir_01_bokehme_dfs20_K40_dispfocus0.15/0019_center_frame_0001.jpg,https://f004.backblazeb2.com/file/dof-mos/Scene3/fl_45/dir_02_drbokeh_K15_fp0.3/0019_center_IMG_7856.png,https://f004.backblazeb2.com/file/dof-mos/Scene3/fl_45/dir_03_demo/0019_center_IMG_7856_15.0_-0.42.jpg,https://f004.backblazeb2.com/file/dof-mos/Scene3/fl_45/dir_04_bokehlicious_fl_45_A_13_intp/0019_center_net_large_f13.0_IMG_7856.png
https://f004.backblazeb2.com/file/dof-mos/Scene3/fl_45/dir_00_F2.8_align_whitebal/0020_center_IMG_7865.png,https://f004.backblazeb2.com/file/dof-mos/Scene3/fl_45/dir_01_bokehme_dfs20_K40_dispfocus0.15/0020_center_frame_0002.jpg,https://f004.backblazeb2.com/file/dof-mos/Scene3/fl_45/dir_02_drbokeh_K15_fp0.3/0020_center_IMG_7873.png,https://f004.backblazeb2.com/file/dof-mos/Scene3/fl_45/dir_03_demo/0020_center_IMG_7873_15.0_-0.42.jpg,https://f004.backblazeb2.com/file/dof-mos/Scene3/fl_45/dir_04_bokehlicious_fl_45_A_13_intp/0020_center_net_large_f13.0_IMG_7873.png
https://f004.backblazeb2.com/file/dof-mos/Scene3/fl_45/dir_00_F2.8_align_whitebal/0021_center_IMG_7866.png,https://f004.backblazeb2.com/file/dof-mos/Scene3/fl_45/dir_01_bokehme_dfs20_K40_dispfocus0.15/0021_center_frame_0003.jpg,https://f004.backblazeb2.com/file/dof-mos/Scene3/fl_45/dir_02_drbokeh_K15_fp0.3/0021_center_IMG_7874.png,https://f004.backblazeb2.com/file/dof-mos/Scene3/fl_45/dir_03_demo/0021_center_IMG_7874_15.0_-0.42.jpg,https://f004.backblazeb2.com/file/dof-mos/Scene3/fl_45/dir_04_bokehlicious_fl_45_A_13_intp/0021_center_net_large_f13.0_IMG_7874.png
https://f004.backblazeb2.com/file/dof-mos/Scene3/fl_45/dir_00_F2.8_align_whitebal/0022_center_IMG_7883.png,https://f004.backblazeb2.com/file/dof-mos/Scene3/fl_45/dir_01_bokehme_dfs20_K40_dispfocus0.15/0022_center_frame_0004.jpg,https://f004.backblazeb2.com/file/dof-mos/Scene3/fl_45/dir_02_drbokeh_K15_fp0.3/0022_center_IMG_7875.png,https://f004.backblazeb2.com/file/dof-mos/Scene3/fl_45/dir_03_demo/0022_center_IMG_7875_15.0_-0.42.jpg,https://f004.backblazeb2.com/file/dof-mos/Scene3/fl_45/dir_04_bokehlicious_fl_45_A_13_intp/0022_center_net_large_f13.0_IMG_7875.png
https://f004.backblazeb2.com/file/dof-mos/Scene3/fl_45/dir_00_F2.8_align_whitebal/0023_center_IMG_7884.png,https://f004.backblazeb2.com/file/dof-mos/Scene3/fl_45/dir_01_bokehme_dfs20_K40_dispfocus0.15/0023_center_frame_0005.jpg,https://f004.backblazeb2.com/file/dof-mos/Scene3/fl_45/dir_02_drbokeh_K15_fp0.3/0023_center_IMG_7876.png,https://f004.backblazeb2.com/file/dof-mos/Scene3/fl_45/dir_03_demo/0023_center_IMG_7876_15.0_-0.42.jpg,https://f004.backblazeb2.com/file/dof-mos/Scene3/fl_45/dir_04_bokehlicious_fl_45_A_13_intp/0023_center_net_large_f13.0_IMG_7876.png
https://f004.backblazeb2.com/file/dof-mos/Scene3/fl_45/dir_00_F2.8_align_whitebal/0024_center_IMG_7885.png,https://f004.backblazeb2.com/file/dof-mos/Scene3/fl_45/dir_01_bokehme_dfs20_K40_dispfocus0.15/0024_center_frame_0006.jpg,https://f004.backblazeb2.com/file/dof-mos/Scene3/fl_45/dir_02_drbokeh_K15_fp0.3/0024_center_IMG_7893.png,https://f004.backblazeb2.com/file/dof-mos/Scene3/fl_45/dir_03_demo/0024_center_IMG_7893_15.0_-0.42.jpg,https://f004.backblazeb2.com/file/dof-mos/Scene3/fl_45/dir_04_bokehlicious_fl_45_A_13_intp/0024_center_net_large_f13.0_IMG_7893.png
https://f004.backblazeb2.com/file/dof-mos/Scene3/fl_45/dir_00_F2.8_align_whitebal/0025_center_IMG_7886.png,https://f004.backblazeb2.com/file/dof-mos/Scene3/fl_45/dir_01_bokehme_dfs20_K40_dispfocus0.15/0025_center_frame_0007.jpg,https://f004.backblazeb2.com/file/dof-mos/Scene3/fl_45/dir_02_drbokeh_K15_fp0.3/0025_center_IMG_7894.png,https://f004.backblazeb2.com/file/dof-mos/Scene3/fl_45/dir_03_demo/0025_center_IMG_7894_15.0_-0.42.jpg,https://f004.backblazeb2.com/file/dof-mos/Scene3/fl_45/dir_04_bokehlicious_fl_45_A_13_intp/0025_center_net_large_f13.0_IMG_7894.png
https://f004.backblazeb2.com/file/dof-mos/Scene3/fl_45/dir_00_F2.8_align_whitebal/0026_center_IMG_7903.png,https://f004.backblazeb2.com/file/dof-mos/Scene3/fl_45/dir_01_bokehme_dfs20_K40_dispfocus0.15/0026_center_frame_0008.jpg,https://f004.backblazeb2.com/file/dof-mos/Scene3/fl_45/dir_02_drbokeh_K15_fp0.3/0026_center_IMG_7895.png,https://f004.backblazeb2.com/file/dof-mos/Scene3/fl_45/dir_03_demo/0026_center_IMG_7895_15.0_-0.42.jpg,https://f004.backblazeb2.com/file/dof-mos/Scene3/fl_45/dir_04_bokehlicious_fl_45_A_13_intp/0026_center_net_large_f13.0_IMG_7895.png
https://f004.backblazeb2.com/file/dof-mos/Scene3/fl_45/dir_00_F2.8_align_whitebal/0027_center_IMG_7904.png,https://f004.backblazeb2.com/file/dof-mos/Scene3/fl_45/dir_01_bokehme_dfs20_K40_dispfocus0.15/0027_center_frame_0009.jpg,https://f004.backblazeb2.com/file/dof-mos/Scene3/fl_45/dir_02_drbokeh_K15_fp0.3/0027_center_IMG_7896.png,https://f004.backblazeb2.com/file/dof-mos/Scene3/fl_45/dir_03_demo/0027_center_IMG_7896_15.0_-0.42.jpg,https://f004.backblazeb2.com/file/dof-mos/Scene3/fl_45/dir_04_bokehlicious_fl_45_A_13_intp/0027_center_net_large_f13.0_IMG_7896.png
https://f004.backblazeb2.com/file/dof-mos/Scene3/fl_45/dir_00_F2.8_align_whitebal/0028_center_IMG_7905.png,https://f004.backblazeb2.com/file/dof-mos/Scene3/fl_45/dir_01_bokehme_dfs20_K40_dispfocus0.15/0028_center_frame_0010.jpg,https://f004.backblazeb2.com/file/dof-mos/Scene3/fl_45/dir_02_drbokeh_K15_fp0.3/0028_center_IMG_7913.png,https://f004.backblazeb2.com/file/dof-mos/Scene3/fl_45/dir_03_demo/0028_center_IMG_7913_15.0_-0.42.jpg,https://f004.backblazeb2.com/file/dof-mos/Scene3/fl_45/dir_04_bokehlicious_fl_45_A_13_intp/0028_center_net_large_f13.0_IMG_7913.png
https://f004.backblazeb2.com/file/dof-mos/Scene3/fl_45/dir_00_F2.8_align_whitebal/0029_center_IMG_7906.png,https://f004.backblazeb2.com/file/dof-mos/Scene3/fl_45/dir_01_bokehme_dfs20_K40_dispfocus0.15/0029_center_frame_0011.jpg,https://f004.backblazeb2.com/file/dof-mos/Scene3/fl_45/dir_02_drbokeh_K15_fp0.3/0029_center_IMG_7914.png,https://f004.backblazeb2.com/file/dof-mos/Scene3/fl_45/dir_03_demo/0029_center_IMG_7914_15.0_-0.42.jpg,https://f004.backblazeb2.com/file/dof-mos/Scene3/fl_45/dir_04_bokehlicious_fl_45_A_13_intp/0029_center_net_large_f13.0_IMG_7914.png
https://f004.backblazeb2.com/file/dof-mos/Scene3/fl_45/dir_00_F2.8_align_whitebal/0030_center_IMG_7923.png,https://f004.backblazeb2.com/file/dof-mos/Scene3/fl_45/dir_01_bokehme_dfs20_K40_dispfocus0.15/0030_center_frame_0012.jpg,https://f004.backblazeb2.com/file/dof-mos/Scene3/fl_45/dir_02_drbokeh_K15_fp0.3/0030_center_IMG_7915.png,https://f004.backblazeb2.com/file/dof-mos/Scene3/fl_45/dir_03_demo/0030_center_IMG_7915_15.0_-0.42.jpg,https://f004.backblazeb2.com/file/dof-mos/Scene3/fl_45/dir_04_bokehlicious_fl_45_A_13_intp/0030_center_net_large_f13.0_IMG_7915.png
https://f004.backblazeb2.com/file/dof-mos/Scene3/fl_45/dir_00_F2.8_align_whitebal/0031_center_IMG_7924.png,https://f004.backblazeb2.com/file/dof-mos/Scene3/fl_45/dir_01_bokehme_dfs20_K40_dispfocus0.15/0031_center_frame_0013.jpg,https://f004.backblazeb2.com/file/dof-mos/Scene3/fl_45/dir_02_drbokeh_K15_fp0.3/0031_center_IMG_7916.png,https://f004.backblazeb2.com/file/dof-mos/Scene3/fl_45/dir_03_demo/0031_center_IMG_7916_15.0_-0.42.jpg,https://f004.backblazeb2.com/file/dof-mos/Scene3/fl_45/dir_04_bokehlicious_fl_45_A_13_intp/0031_center_net_large_f13.0_IMG_7916.png
https://f004.backblazeb2.com/file/dof-mos/Scene3/fl_45/dir_00_F2.8_align_whitebal/0032_center_IMG_7925.png,https://f004.backblazeb2.com/file/dof-mos/Scene3/fl_45/dir_01_bokehme_dfs20_K40_dispfocus0.15/0032_center_frame_0014.jpg,https://f004.backblazeb2.com/file/dof-mos/Scene3/fl_45/dir_02_drbokeh_K15_fp0.3/0032_center_IMG_7933.png,https://f004.backblazeb2.com/file/dof-mos/Scene3/fl_45/dir_03_demo/0032_center_IMG_7933_15.0_-0.42.jpg,https://f004.backblazeb2.com/file/dof-mos/Scene3/fl_45/dir_04_bokehlicious_fl_45_A_13_intp/0032_center_net_large_f13.0_IMG_7933.png
https://f004.backblazeb2.com/file/dof-mos/Scene3/fl_45/dir_00_F2.8_align_whitebal/0033_center_IMG_7926.png,https://f004.backblazeb2.com/file/dof-mos/Scene3/fl_45/dir_01_bokehme_dfs20_K40_dispfocus0.15/0033_center_frame_0015.jpg,https://f004.backblazeb2.com/file/dof-mos/Scene3/fl_45/dir_02_drbokeh_K15_fp0.3/0033_center_IMG_7934.png,https://f004.backblazeb2.com/file/dof-mos/Scene3/fl_45/dir_03_demo/0033_center_IMG_7934_15.0_-0.42.jpg,https://f004.backblazeb2.com/file/dof-mos/Scene3/fl_45/dir_04_bokehlicious_fl_45_A_13_intp/0033_center_net_large_f13.0_IMG_7934.png
https://f004.backblazeb2.com/file/dof-mos/Scene3/fl_45/dir_00_F2.8_align_whitebal/0034_center_IMG_7943.png,https://f004.backblazeb2.com/file/dof-mos/Scene3/fl_45/dir_01_bokehme_dfs20_K40_dispfocus0.15/0034_center_frame_0016.jpg,https://f004.backblazeb2.com/file/dof-mos/Scene3/fl_45/dir_02_drbokeh_K15_fp0.3/0034_center_IMG_7935.png,https://f004.backblazeb2.com/file/dof-mos/Scene3/fl_45/dir_03_demo/0034_center_IMG_7935_15.0_-0.42.jpg,https://f004.backblazeb2.com/file/dof-mos/Scene3/fl_45/dir_04_bokehlicious_fl_45_A_13_intp/0034_center_net_large_f13.0_IMG_7935.png
https://f004.backblazeb2.com/file/dof-mos/Scene3/fl_45/dir_00_F2.8_align_whitebal/0035_center_IMG_7944.png,https://f004.backblazeb2.com/file/dof-mos/Scene3/fl_45/dir_01_bokehme_dfs20_K40_dispfocus0.15/0035_center_frame_0017.jpg,https://f004.backblazeb2.com/file/dof-mos/Scene3/fl_45/dir_02_drbokeh_K15_fp0.3/0035_center_IMG_7936.png,https://f004.backblazeb2.com/file/dof-mos/Scene3/fl_45/dir_03_demo/0035_center_IMG_7936_15.0_-0.42.jpg,https://f004.backblazeb2.com/file/dof-mos/Scene3/fl_45/dir_04_bokehlicious_fl_45_A_13_intp/0035_center_net_large_f13.0_IMG_7936.png
https://f004.backblazeb2.com/file/dof-mos/Scene3/fl_60/dir_00_F2.8_align_whitebal/0000_top_left_IMG_8203.png,https://f004.backblazeb2.com/file/dof-mos/Scene3/fl_60/dir_01_bokehme_dfs20_K40_dispfocus0.15/0000_top_left_frame_0000.jpg,https://f004.backblazeb2.com/file/dof-mos/Scene3/fl_60/dir_02_drbokeh_K15_fp0.3/0000_top_left_IMG_8195.png,https://f004.backblazeb2.com/file/dof-mos/Scene3/fl_60/dir_03_demo/0000_top_left_IMG_8195_15.0_-0.42.jpg,https://f004.backblazeb2.com/file/dof-mos/Scene3/fl_60/dir_04_bokehlicious_fl_60_A_7_intp/0000_top_left_net_large_f7.0_IMG_8195.png
https://f004.backblazeb2.com/file/dof-mos/Scene3/fl_60/dir_00_F2.8_align_whitebal/0001_bottom_left_IMG_8204.png,https://f004.backblazeb2.com/file/dof-mos/Scene3/fl_60/dir_01_bokehme_dfs20_K40_dispfocus0.15/0001_bottom_left_frame_0001.jpg,https://f004.backblazeb2.com/file/dof-mos/Scene3/fl_60/dir_02_drbokeh_K15_fp0.3/0001_bottom_left_IMG_8196.png,https://f004.backblazeb2.com/file/dof-mos/Scene3/fl_60/dir_03_demo/0001_bottom_left_IMG_8196_15.0_-0.42.jpg,https://f004.backblazeb2.com/file/dof-mos/Scene3/fl_60/dir_04_bokehlicious_fl_60_A_7_intp/0001_bottom_left_net_large_f7.0_IMG_8196.png
https://f004.backblazeb2.com/file/dof-mos/Scene3/fl_60/dir_00_F2.8_align_whitebal/0002_top_right_IMG_8205.png,https://f004.backblazeb2.com/file/dof-mos/Scene3/fl_60/dir_01_bokehme_dfs20_K40_dispfocus0.15/0002_top_right_frame_0002.jpg,https://f004.backblazeb2.com/file/dof-mos/Scene3/fl_60/dir_02_drbokeh_K15_fp0.3/0002_top_right_IMG_8213.png,https://f004.backblazeb2.com/file/dof-mos/Scene3/fl_60/dir_03_demo/0002_top_right_IMG_8213_15.0_-0.42.jpg,https://f004.backblazeb2.com/file/dof-mos/Scene3/fl_60/dir_04_bokehlicious_fl_60_A_7_intp/0002_top_right_net_large_f7.0_IMG_8213.png
https://f004.backblazeb2.com/file/dof-mos/Scene3/fl_60/dir_00_F2.8_align_whitebal/0003_bottom_right_IMG_8206.png,https://f004.backblazeb2.com/file/dof-mos/Scene3/fl_60/dir_01_bokehme_dfs20_K40_dispfocus0.15/0003_bottom_right_frame_0003.jpg,https://f004.backblazeb2.com/file/dof-mos/Scene3/fl_60/dir_02_drbokeh_K15_fp0.3/0003_bottom_right_IMG_8214.png,https://f004.backblazeb2.com/file/dof-mos/Scene3/fl_60/dir_03_demo/0003_bottom_right_IMG_8214_15.0_-0.42.jpg,https://f004.backblazeb2.com/file/dof-mos/Scene3/fl_60/dir_04_bokehlicious_fl_60_A_7_intp/0003_bottom_right_net_large_f7.0_IMG_8214.png
https://f004.backblazeb2.com/file/dof-mos/Scene3/fl_60/dir_00_F2.8_align_whitebal/0004_top_left_IMG_8223.png,https://f004.backblazeb2.com/file/dof-mos/Scene3/fl_60/dir_01_bokehme_dfs20_K40_dispfocus0.15/0004_top_left_frame_0004.jpg,https://f004.backblazeb2.com/file/dof-mos/Scene3/fl_60/dir_02_drbokeh_K15_fp0.3/0004_top_left_IMG_8215.png,https://f004.backblazeb2.com/file/dof-mos/Scene3/fl_60/dir_03_demo/0004_top_left_IMG_8215_15.0_-0.42.jpg,https://f004.backblazeb2.com/file/dof-mos/Scene3/fl_60/dir_04_bokehlicious_fl_60_A_7_intp/0004_top_left_net_large_f7.0_IMG_8215.png
https://f004.backblazeb2.com/file/dof-mos/Scene3/fl_60/dir_00_F2.8_align_whitebal/0005_bottom_right_IMG_8224.png,https://f004.backblazeb2.com/file/dof-mos/Scene3/fl_60/dir_01_bokehme_dfs20_K40_dispfocus0.15/0005_bottom_right_frame_0005.jpg,https://f004.backblazeb2.com/file/dof-mos/Scene3/fl_60/dir_02_drbokeh_K15_fp0.3/0005_bottom_right_IMG_8216.png,https://f004.backblazeb2.com/file/dof-mos/Scene3/fl_60/dir_03_demo/0005_bottom_right_IMG_8216_15.0_-0.42.jpg,https://f004.backblazeb2.com/file/dof-mos/Scene3/fl_60/dir_04_bokehlicious_fl_60_A_7_intp/0005_bottom_right_net_large_f7.0_IMG_8216.png
https://f004.backblazeb2.com/file/dof-mos/Scene3/fl_60/dir_00_F2.8_align_whitebal/0006_bottom_right_IMG_8225.png,https://f004.backblazeb2.com/file/dof-mos/Scene3/fl_60/dir_01_bokehme_dfs20_K40_dispfocus0.15/0006_bottom_right_frame_0006.jpg,https://f004.backblazeb2.com/file/dof-mos/Scene3/fl_60/dir_02_drbokeh_K15_fp0.3/0006_bottom_right_IMG_8233.png,https://f004.backblazeb2.com/file/dof-mos/Scene3/fl_60/dir_03_demo/0006_bottom_right_IMG_8233_15.0_-0.42.jpg,https://f004.backblazeb2.com/file/dof-mos/Scene3/fl_60/dir_04_bokehlicious_fl_60_A_7_intp/0006_bottom_right_net_large_f7.0_IMG_8233.png
https://f004.backblazeb2.com/file/dof-mos/Scene3/fl_60/dir_00_F2.8_align_whitebal/0007_bottom_left_IMG_8226.png,https://f004.backblazeb2.com/file/dof-mos/Scene3/fl_60/dir_01_bokehme_dfs20_K40_dispfocus0.15/0007_bottom_left_frame_0007.jpg,https://f004.backblazeb2.com/file/dof-mos/Scene3/fl_60/dir_02_drbokeh_K15_fp0.3/0007_bottom_left_IMG_8234.png,https://f004.backblazeb2.com/file/dof-mos/Scene3/fl_60/dir_03_demo/0007_bottom_left_IMG_8234_15.0_-0.42.jpg,https://f004.backblazeb2.com/file/dof-mos/Scene3/fl_60/dir_04_bokehlicious_fl_60_A_7_intp/0007_bottom_left_net_large_f7.0_IMG_8234.png
https://f004.backblazeb2.com/file/dof-mos/Scene3/fl_60/dir_00_F2.8_align_whitebal/0008_top_right_IMG_8243.png,https://f004.backblazeb2.com/file/dof-mos/Scene3/fl_60/dir_01_bokehme_dfs20_K40_dispfocus0.15/0008_top_right_frame_0008.jpg,https://f004.backblazeb2.com/file/dof-mos/Scene3/fl_60/dir_02_drbokeh_K15_fp0.3/0008_top_right_IMG_8235.png,https://f004.backblazeb2.com/file/dof-mos/Scene3/fl_60/dir_03_demo/0008_top_right_IMG_8235_15.0_-0.42.jpg,https://f004.backblazeb2.com/file/dof-mos/Scene3/fl_60/dir_04_bokehlicious_fl_60_A_7_intp/0008_top_right_net_large_f7.0_IMG_8235.png
https://f004.backblazeb2.com/file/dof-mos/Scene3/fl_60/dir_00_F2.8_align_whitebal/0009_top_left_IMG_8244.png,https://f004.backblazeb2.com/file/dof-mos/Scene3/fl_60/dir_01_bokehme_dfs20_K40_dispfocus0.15/0009_top_left_frame_0009.jpg,https://f004.backblazeb2.com/file/dof-mos/Scene3/fl_60/dir_02_drbokeh_K15_fp0.3/0009_top_left_IMG_8236.png,https://f004.backblazeb2.com/file/dof-mos/Scene3/fl_60/dir_03_demo/0009_top_left_IMG_8236_15.0_-0.42.jpg,https://f004.backblazeb2.com/file/dof-mos/Scene3/fl_60/dir_04_bokehlicious_fl_60_A_7_intp/0009_top_left_net_large_f7.0_IMG_8236.png
https://f004.backblazeb2.com/file/dof-mos/Scene3/fl_60/dir_00_F2.8_align_whitebal/0010_bottom_right_IMG_8245.png,https://f004.backblazeb2.com/file/dof-mos/Scene3/fl_60/dir_01_bokehme_dfs20_K40_dispfocus0.15/0010_bottom_right_frame_0010.jpg,https://f004.backblazeb2.com/file/dof-mos/Scene3/fl_60/dir_02_drbokeh_K15_fp0.3/0010_bottom_right_IMG_8253.png,https://f004.backblazeb2.com/file/dof-mos/Scene3/fl_60/dir_03_demo/0010_bottom_right_IMG_8253_15.0_-0.42.jpg,https://f004.backblazeb2.com/file/dof-mos/Scene3/fl_60/dir_04_bokehlicious_fl_60_A_7_intp/0010_bottom_right_net_large_f7.0_IMG_8253.png
https://f004.backblazeb2.com/file/dof-mos/Scene3/fl_60/dir_00_F2.8_align_whitebal/0011_bottom_left_IMG_8246.png,https://f004.backblazeb2.com/file/dof-mos/Scene3/fl_60/dir_01_bokehme_dfs20_K40_dispfocus0.15/0011_bottom_left_frame_0011.jpg,https://f004.backblazeb2.com/file/dof-mos/Scene3/fl_60/dir_02_drbokeh_K15_fp0.3/0011_bottom_left_IMG_8254.png,https://f004.backblazeb2.com/file/dof-mos/Scene3/fl_60/dir_03_demo/0011_bottom_left_IMG_8254_15.0_-0.42.jpg,https://f004.backblazeb2.com/file/dof-mos/Scene3/fl_60/dir_04_bokehlicious_fl_60_A_7_intp/0011_bottom_left_net_large_f7.0_IMG_8254.png
https://f004.backblazeb2.com/file/dof-mos/Scene3/fl_60/dir_00_F2.8_align_whitebal/0012_top_right_IMG_8263.png,https://f004.backblazeb2.com/file/dof-mos/Scene3/fl_60/dir_01_bokehme_dfs20_K40_dispfocus0.15/0012_top_right_frame_0012.jpg,https://f004.backblazeb2.com/file/dof-mos/Scene3/fl_60/dir_02_drbokeh_K15_fp0.3/0012_top_right_IMG_8255.png,https://f004.backblazeb2.com/file/dof-mos/Scene3/fl_60/dir_03_demo/0012_top_right_IMG_8255_15.0_-0.42.jpg,https://f004.backblazeb2.com/file/dof-mos/Scene3/fl_60/dir_04_bokehlicious_fl_60_A_7_intp/0012_top_right_net_large_f7.0_IMG_8255.png
https://f004.backblazeb2.com/file/dof-mos/Scene3/fl_60/dir_00_F2.8_align_whitebal/0013_bottom_right_IMG_8264.png,https://f004.backblazeb2.com/file/dof-mos/Scene3/fl_60/dir_01_bokehme_dfs20_K40_dispfocus0.15/0013_bottom_right_frame_0013.jpg,https://f004.backblazeb2.com/file/dof-mos/Scene3/fl_60/dir_02_drbokeh_K15_fp0.3/0013_bottom_right_IMG_8256.png,https://f004.backblazeb2.com/file/dof-mos/Scene3/fl_60/dir_03_demo/0013_bottom_right_IMG_8256_15.0_-0.42.jpg,https://f004.backblazeb2.com/file/dof-mos/Scene3/fl_60/dir_04_bokehlicious_fl_60_A_7_intp/0013_bottom_right_net_large_f7.0_IMG_8256.png
https://f004.backblazeb2.com/file/dof-mos/Scene3/fl_60/dir_00_F2.8_align_whitebal/0014_center_IMG_8203.png,https://f004.backblazeb2.com/file/dof-mos/Scene3/fl_60/dir_01_bokehme_dfs20_K40_dispfocus0.15/0014_center_frame_0000.jpg,https://f004.backblazeb2.com/file/dof-mos/Scene3/fl_60/dir_02_drbokeh_K15_fp0.3/0014_center_IMG_8195.png,https://f004.backblazeb2.com/file/dof-mos/Scene3/fl_60/dir_03_demo/0014_center_IMG_8195_15.0_-0.42.jpg,https://f004.backblazeb2.com/file/dof-mos/Scene3/fl_60/dir_04_bokehlicious_fl_60_A_7_intp/0014_center_net_large_f7.0_IMG_8195.png
https://f004.backblazeb2.com/file/dof-mos/Scene3/fl_60/dir_00_F2.8_align_whitebal/0015_center_IMG_8204.png,https://f004.backblazeb2.com/file/dof-mos/Scene3/fl_60/dir_01_bokehme_dfs20_K40_dispfocus0.15/0015_center_frame_0001.jpg,https://f004.backblazeb2.com/file/dof-mos/Scene3/fl_60/dir_02_drbokeh_K15_fp0.3/0015_center_IMG_8196.png,https://f004.backblazeb2.com/file/dof-mos/Scene3/fl_60/dir_03_demo/0015_center_IMG_8196_15.0_-0.42.jpg,https://f004.backblazeb2.com/file/dof-mos/Scene3/fl_60/dir_04_bokehlicious_fl_60_A_7_intp/0015_center_net_large_f7.0_IMG_8196.png
https://f004.backblazeb2.com/file/dof-mos/Scene3/fl_60/dir_00_F2.8_align_whitebal/0016_center_IMG_8205.png,https://f004.backblazeb2.com/file/dof-mos/Scene3/fl_60/dir_01_bokehme_dfs20_K40_dispfocus0.15/0016_center_frame_0002.jpg,https://f004.backblazeb2.com/file/dof-mos/Scene3/fl_60/dir_02_drbokeh_K15_fp0.3/0016_center_IMG_8213.png,https://f004.backblazeb2.com/file/dof-mos/Scene3/fl_60/dir_03_demo/0016_center_IMG_8213_15.0_-0.42.jpg,https://f004.backblazeb2.com/file/dof-mos/Scene3/fl_60/dir_04_bokehlicious_fl_60_A_7_intp/0016_center_net_large_f7.0_IMG_8213.png
https://f004.backblazeb2.com/file/dof-mos/Scene3/fl_60/dir_00_F2.8_align_whitebal/0017_center_IMG_8206.png,https://f004.backblazeb2.com/file/dof-mos/Scene3/fl_60/dir_01_bokehme_dfs20_K40_dispfocus0.15/0017_center_frame_0003.jpg,https://f004.backblazeb2.com/file/dof-mos/Scene3/fl_60/dir_02_drbokeh_K15_fp0.3/0017_center_IMG_8214.png,https://f004.backblazeb2.com/file/dof-mos/Scene3/fl_60/dir_03_demo/0017_center_IMG_8214_15.0_-0.42.jpg,https://f004.backblazeb2.com/file/dof-mos/Scene3/fl_60/dir_04_bokehlicious_fl_60_A_7_intp/0017_center_net_large_f7.0_IMG_8214.png
https://f004.backblazeb2.com/file/dof-mos/Scene3/fl_60/dir_00_F2.8_align_whitebal/0018_center_IMG_8223.png,https://f004.backblazeb2.com/file/dof-mos/Scene3/fl_60/dir_01_bokehme_dfs20_K40_dispfocus0.15/0018_center_frame_0004.jpg,https://f004.backblazeb2.com/file/dof-mos/Scene3/fl_60/dir_02_drbokeh_K15_fp0.3/0018_center_IMG_8215.png,https://f004.backblazeb2.com/file/dof-mos/Scene3/fl_60/dir_03_demo/0018_center_IMG_8215_15.0_-0.42.jpg,https://f004.backblazeb2.com/file/dof-mos/Scene3/fl_60/dir_04_bokehlicious_fl_60_A_7_intp/0018_center_net_large_f7.0_IMG_8215.png
https://f004.backblazeb2.com/file/dof-mos/Scene3/fl_60/dir_00_F2.8_align_whitebal/0019_center_IMG_8224.png,https://f004.backblazeb2.com/file/dof-mos/Scene3/fl_60/dir_01_bokehme_dfs20_K40_dispfocus0.15/0019_center_frame_0005.jpg,https://f004.backblazeb2.com/file/dof-mos/Scene3/fl_60/dir_02_drbokeh_K15_fp0.3/0019_center_IMG_8216.png,https://f004.backblazeb2.com/file/dof-mos/Scene3/fl_60/dir_03_demo/0019_center_IMG_8216_15.0_-0.42.jpg,https://f004.backblazeb2.com/file/dof-mos/Scene3/fl_60/dir_04_bokehlicious_fl_60_A_7_intp/0019_center_net_large_f7.0_IMG_8216.png
https://f004.backblazeb2.com/file/dof-mos/Scene3/fl_60/dir_00_F2.8_align_whitebal/0020_center_IMG_8225.png,https://f004.backblazeb2.com/file/dof-mos/Scene3/fl_60/dir_01_bokehme_dfs20_K40_dispfocus0.15/0020_center_frame_0006.jpg,https://f004.backblazeb2.com/file/dof-mos/Scene3/fl_60/dir_02_drbokeh_K15_fp0.3/0020_center_IMG_8233.png,https://f004.backblazeb2.com/file/dof-mos/Scene3/fl_60/dir_03_demo/0020_center_IMG_8233_15.0_-0.42.jpg,https://f004.backblazeb2.com/file/dof-mos/Scene3/fl_60/dir_04_bokehlicious_fl_60_A_7_intp/0020_center_net_large_f7.0_IMG_8233.png
https://f004.backblazeb2.com/file/dof-mos/Scene3/fl_60/dir_00_F2.8_align_whitebal/0021_center_IMG_8226.png,https://f004.backblazeb2.com/file/dof-mos/Scene3/fl_60/dir_01_bokehme_dfs20_K40_dispfocus0.15/0021_center_frame_0007.jpg,https://f004.backblazeb2.com/file/dof-mos/Scene3/fl_60/dir_02_drbokeh_K15_fp0.3/0021_center_IMG_8234.png,https://f004.backblazeb2.com/file/dof-mos/Scene3/fl_60/dir_03_demo/0021_center_IMG_8234_15.0_-0.42.jpg,https://f004.backblazeb2.com/file/dof-mos/Scene3/fl_60/dir_04_bokehlicious_fl_60_A_7_intp/0021_center_net_large_f7.0_IMG_8234.png
https://f004.backblazeb2.com/file/dof-mos/Scene3/fl_60/dir_00_F2.8_align_whitebal/0022_center_IMG_8243.png,https://f004.backblazeb2.com/file/dof-mos/Scene3/fl_60/dir_01_bokehme_dfs20_K40_dispfocus0.15/0022_center_frame_0008.jpg,https://f004.backblazeb2.com/file/dof-mos/Scene3/fl_60/dir_02_drbokeh_K15_fp0.3/0022_center_IMG_8235.png,https://f004.backblazeb2.com/file/dof-mos/Scene3/fl_60/dir_03_demo/0022_center_IMG_8235_15.0_-0.42.jpg,https://f004.backblazeb2.com/file/dof-mos/Scene3/fl_60/dir_04_bokehlicious_fl_60_A_7_intp/0022_center_net_large_f7.0_IMG_8235.png
https://f004.backblazeb2.com/file/dof-mos/Scene3/fl_60/dir_00_F2.8_align_whitebal/0023_center_IMG_8244.png,https://f004.backblazeb2.com/file/dof-mos/Scene3/fl_60/dir_01_bokehme_dfs20_K40_dispfocus0.15/0023_center_frame_0009.jpg,https://f004.backblazeb2.com/file/dof-mos/Scene3/fl_60/dir_02_drbokeh_K15_fp0.3/0023_center_IMG_8236.png,https://f004.backblazeb2.com/file/dof-mos/Scene3/fl_60/dir_03_demo/0023_center_IMG_8236_15.0_-0.42.jpg,https://f004.backblazeb2.com/file/dof-mos/Scene3/fl_60/dir_04_bokehlicious_fl_60_A_7_intp/0023_center_net_large_f7.0_IMG_8236.png
https://f004.backblazeb2.com/file/dof-mos/Scene3/fl_60/dir_00_F2.8_align_whitebal/0024_center_IMG_8245.png,https://f004.backblazeb2.com/file/dof-mos/Scene3/fl_60/dir_01_bokehme_dfs20_K40_dispfocus0.15/0024_center_frame_0010.jpg,https://f004.backblazeb2.com/file/dof-mos/Scene3/fl_60/dir_02_drbokeh_K15_fp0.3/0024_center_IMG_8253.png,https://f004.backblazeb2.com/file/dof-mos/Scene3/fl_60/dir_03_demo/0024_center_IMG_8253_15.0_-0.42.jpg,https://f004.backblazeb2.com/file/dof-mos/Scene3/fl_60/dir_04_bokehlicious_fl_60_A_7_intp/0024_center_net_large_f7.0_IMG_8253.png
https://f004.backblazeb2.com/file/dof-mos/Scene3/fl_60/dir_00_F2.8_align_whitebal/0025_center_IMG_8246.png,https://f004.backblazeb2.com/file/dof-mos/Scene3/fl_60/dir_01_bokehme_dfs20_K40_dispfocus0.15/0025_center_frame_0011.jpg,https://f004.backblazeb2.com/file/dof-mos/Scene3/fl_60/dir_02_drbokeh_K15_fp0.3/0025_center_IMG_8254.png,https://f004.backblazeb2.com/file/dof-mos/Scene3/fl_60/dir_03_demo/0025_center_IMG_8254_15.0_-0.42.jpg,https://f004.backblazeb2.com/file/dof-mos/Scene3/fl_60/dir_04_bokehlicious_fl_60_A_7_intp/0025_center_net_large_f7.0_IMG_8254.png
https://f004.backblazeb2.com/file/dof-mos/Scene3/fl_60/dir_00_F2.8_align_whitebal/0026_center_IMG_8263.png,https://f004.backblazeb2.com/file/dof-mos/Scene3/fl_60/dir_01_bokehme_dfs20_K40_dispfocus0.15/0026_center_frame_0012.jpg,https://f004.backblazeb2.com/file/dof-mos/Scene3/fl_60/dir_02_drbokeh_K15_fp0.3/0026_center_IMG_8255.png,https://f004.backblazeb2.com/file/dof-mos/Scene3/fl_60/dir_03_demo/0026_center_IMG_8255_15.0_-0.42.jpg,https://f004.backblazeb2.com/file/dof-mos/Scene3/fl_60/dir_04_bokehlicious_fl_60_A_7_intp/0026_center_net_large_f7.0_IMG_8255.png
https://f004.backblazeb2.com/file/dof-mos/Scene3/fl_60/dir_00_F2.8_align_whitebal/0027_center_IMG_8264.png,https://f004.backblazeb2.com/file/dof-mos/Scene3/fl_60/dir_01_bokehme_dfs20_K40_dispfocus0.15/0027_center_frame_0013.jpg,https://f004.backblazeb2.com/file/dof-mos/Scene3/fl_60/dir_02_drbokeh_K15_fp0.3/0027_center_IMG_8256.png,https://f004.backblazeb2.com/file/dof-mos/Scene3/fl_60/dir_03_demo/0027_center_IMG_8256_15.0_-0.42.jpg,https://f004.backblazeb2.com/file/dof-mos/Scene3/fl_60/dir_04_bokehlicious_fl_60_A_7_intp/0027_center_net_large_f7.0_IMG_8256.png
https://f004.backblazeb2.com/file/dof-mos/Scene5/fl_36/dir_00_F2.8_align_whitebal/0000_top_right_IMG_6603.png,https://f004.backblazeb2.com/file/dof-mos/Scene5/fl_36/dir_01_bokehme_dfs20_K40_dispfocus0.15/0000_top_right_frame_0000.jpg,https://f004.backblazeb2.com/file/dof-mos/Scene5/fl_36/dir_02_drbokeh_K15_fp0.3/0000_top_right_IMG_6595.png,https://f004.backblazeb2.com/file/dof-mos/Scene5/fl_36/dir_03_demo/0000_top_right_IMG_6595_15.0_-0.42.jpg,https://f004.backblazeb2.com/file/dof-mos/Scene5/fl_36/dir_04_bokehlicious_fl_36_A_20_intp/0000_top_right_net_large_f20.0_IMG_6595.png
https://f004.backblazeb2.com/file/dof-mos/Scene5/fl_36/dir_00_F2.8_align_whitebal/0001_bottom_left_IMG_6604.png,https://f004.backblazeb2.com/file/dof-mos/Scene5/fl_36/dir_01_bokehme_dfs20_K40_dispfocus0.15/0001_bottom_left_frame_0001.jpg,https://f004.backblazeb2.com/file/dof-mos/Scene5/fl_36/dir_02_drbokeh_K15_fp0.3/0001_bottom_left_IMG_6596.png,https://f004.backblazeb2.com/file/dof-mos/Scene5/fl_36/dir_03_demo/0001_bottom_left_IMG_6596_15.0_-0.42.jpg,https://f004.backblazeb2.com/file/dof-mos/Scene5/fl_36/dir_04_bokehlicious_fl_36_A_20_intp/0001_bottom_left_net_large_f20.0_IMG_6596.png
https://f004.backblazeb2.com/file/dof-mos/Scene5/fl_36/dir_00_F2.8_align_whitebal/0002_top_right_IMG_6605.png,https://f004.backblazeb2.com/file/dof-mos/Scene5/fl_36/dir_01_bokehme_dfs20_K40_dispfocus0.15/0002_top_right_frame_0002.jpg,https://f004.backblazeb2.com/file/dof-mos/Scene5/fl_36/dir_02_drbokeh_K15_fp0.3/0002_top_right_IMG_6613.png,https://f004.backblazeb2.com/file/dof-mos/Scene5/fl_36/dir_03_demo/0002_top_right_IMG_6613_15.0_-0.42.jpg,https://f004.backblazeb2.com/file/dof-mos/Scene5/fl_36/dir_04_bokehlicious_fl_36_A_20_intp/0002_top_right_net_large_f20.0_IMG_6613.png
https://f004.backblazeb2.com/file/dof-mos/Scene5/fl_36/dir_00_F2.8_align_whitebal/0003_top_right_IMG_6606.png,https://f004.backblazeb2.com/file/dof-mos/Scene5/fl_36/dir_01_bokehme_dfs20_K40_dispfocus0.15/0003_top_right_frame_0003.jpg,https://f004.backblazeb2.com/file/dof-mos/Scene5/fl_36/dir_02_drbokeh_K15_fp0.3/0003_top_right_IMG_6614.png,https://f004.backblazeb2.com/file/dof-mos/Scene5/fl_36/dir_03_demo/0003_top_right_IMG_6614_15.0_-0.42.jpg,https://f004.backblazeb2.com/file/dof-mos/Scene5/fl_36/dir_04_bokehlicious_fl_36_A_20_intp/0003_top_right_net_large_f20.0_IMG_6614.png
https://f004.backblazeb2.com/file/dof-mos/Scene5/fl_36/dir_00_F2.8_align_whitebal/0004_bottom_right_IMG_6623.png,https://f004.backblazeb2.com/file/dof-mos/Scene5/fl_36/dir_01_bokehme_dfs20_K40_dispfocus0.15/0004_bottom_right_frame_0004.jpg,https://f004.backblazeb2.com/file/dof-mos/Scene5/fl_36/dir_02_drbokeh_K15_fp0.3/0004_bottom_right_IMG_6615.png,https://f004.backblazeb2.com/file/dof-mos/Scene5/fl_36/dir_03_demo/0004_bottom_right_IMG_6615_15.0_-0.42.jpg,https://f004.backblazeb2.com/file/dof-mos/Scene5/fl_36/dir_04_bokehlicious_fl_36_A_20_intp/0004_bottom_right_net_large_f20.0_IMG_6615.png
https://f004.backblazeb2.com/file/dof-mos/Scene5/fl_36/dir_00_F2.8_align_whitebal/0005_bottom_right_IMG_6624.png,https://f004.backblazeb2.com/file/dof-mos/Scene5/fl_36/dir_01_bokehme_dfs20_K40_dispfocus0.15/0005_bottom_right_frame_0005.jpg,https://f004.backblazeb2.com/file/dof-mos/Scene5/fl_36/dir_02_drbokeh_K15_fp0.3/0005_bottom_right_IMG_6616.png,https://f004.backblazeb2.com/file/dof-mos/Scene5/fl_36/dir_03_demo/0005_bottom_right_IMG_6616_15.0_-0.42.jpg,https://f004.backblazeb2.com/file/dof-mos/Scene5/fl_36/dir_04_bokehlicious_fl_36_A_20_intp/0005_bottom_right_net_large_f20.0_IMG_6616.png
https://f004.backblazeb2.com/file/dof-mos/Scene5/fl_36/dir_00_F2.8_align_whitebal/0006_top_left_IMG_6625.png,https://f004.backblazeb2.com/file/dof-mos/Scene5/fl_36/dir_01_bokehme_dfs20_K40_dispfocus0.15/0006_top_left_frame_0006.jpg,https://f004.backblazeb2.com/file/dof-mos/Scene5/fl_36/dir_02_drbokeh_K15_fp0.3/0006_top_left_IMG_6633.png,https://f004.backblazeb2.com/file/dof-mos/Scene5/fl_36/dir_03_demo/0006_top_left_IMG_6633_15.0_-0.42.jpg,https://f004.backblazeb2.com/file/dof-mos/Scene5/fl_36/dir_04_bokehlicious_fl_36_A_20_intp/0006_top_left_net_large_f20.0_IMG_6633.png
https://f004.backblazeb2.com/file/dof-mos/Scene5/fl_36/dir_00_F2.8_align_whitebal/0007_bottom_left_IMG_6626.png,https://f004.backblazeb2.com/file/dof-mos/Scene5/fl_36/dir_01_bokehme_dfs20_K40_dispfocus0.15/0007_bottom_left_frame_0007.jpg,https://f004.backblazeb2.com/file/dof-mos/Scene5/fl_36/dir_02_drbokeh_K15_fp0.3/0007_bottom_left_IMG_6634.png,https://f004.backblazeb2.com/file/dof-mos/Scene5/fl_36/dir_03_demo/0007_bottom_left_IMG_6634_15.0_-0.42.jpg,https://f004.backblazeb2.com/file/dof-mos/Scene5/fl_36/dir_04_bokehlicious_fl_36_A_20_intp/0007_bottom_left_net_large_f20.0_IMG_6634.png
https://f004.backblazeb2.com/file/dof-mos/Scene5/fl_36/dir_00_F2.8_align_whitebal/0008_bottom_left_IMG_6643.png,https://f004.backblazeb2.com/file/dof-mos/Scene5/fl_36/dir_01_bokehme_dfs20_K40_dispfocus0.15/0008_bottom_left_frame_0008.jpg,https://f004.backblazeb2.com/file/dof-mos/Scene5/fl_36/dir_02_drbokeh_K15_fp0.3/0008_bottom_left_IMG_6635.png,https://f004.backblazeb2.com/file/dof-mos/Scene5/fl_36/dir_03_demo/0008_bottom_left_IMG_6635_15.0_-0.42.jpg,https://f004.backblazeb2.com/file/dof-mos/Scene5/fl_36/dir_04_bokehlicious_fl_36_A_20_intp/0008_bottom_left_net_large_f20.0_IMG_6635.png
https://f004.backblazeb2.com/file/dof-mos/Scene5/fl_36/dir_00_F2.8_align_whitebal/0009_top_right_IMG_6644.png,https://f004.backblazeb2.com/file/dof-mos/Scene5/fl_36/dir_01_bokehme_dfs20_K40_dispfocus0.15/0009_top_right_frame_0009.jpg,https://f004.backblazeb2.com/file/dof-mos/Scene5/fl_36/dir_02_drbokeh_K15_fp0.3/0009_top_right_IMG_6636.png,https://f004.backblazeb2.com/file/dof-mos/Scene5/fl_36/dir_03_demo/0009_top_right_IMG_6636_15.0_-0.42.jpg,https://f004.backblazeb2.com/file/dof-mos/Scene5/fl_36/dir_04_bokehlicious_fl_36_A_20_intp/0009_top_right_net_large_f20.0_IMG_6636.png
https://f004.backblazeb2.com/file/dof-mos/Scene5/fl_36/dir_00_F2.8_align_whitebal/0010_bottom_right_IMG_6645.png,https://f004.backblazeb2.com/file/dof-mos/Scene5/fl_36/dir_01_bokehme_dfs20_K40_dispfocus0.15/0010_bottom_right_frame_0010.jpg,https://f004.backblazeb2.com/file/dof-mos/Scene5/fl_36/dir_02_drbokeh_K15_fp0.3/0010_bottom_right_IMG_6653.png,https://f004.backblazeb2.com/file/dof-mos/Scene5/fl_36/dir_03_demo/0010_bottom_right_IMG_6653_15.0_-0.42.jpg,https://f004.backblazeb2.com/file/dof-mos/Scene5/fl_36/dir_04_bokehlicious_fl_36_A_20_intp/0010_bottom_right_net_large_f20.0_IMG_6653.png
https://f004.backblazeb2.com/file/dof-mos/Scene5/fl_36/dir_00_F2.8_align_whitebal/0011_bottom_left_IMG_6646.png,https://f004.backblazeb2.com/file/dof-mos/Scene5/fl_36/dir_01_bokehme_dfs20_K40_dispfocus0.15/0011_bottom_left_frame_0011.jpg,https://f004.backblazeb2.com/file/dof-mos/Scene5/fl_36/dir_02_drbokeh_K15_fp0.3/0011_bottom_left_IMG_6654.png,https://f004.backblazeb2.com/file/dof-mos/Scene5/fl_36/dir_03_demo/0011_bottom_left_IMG_6654_15.0_-0.42.jpg,https://f004.backblazeb2.com/file/dof-mos/Scene5/fl_36/dir_04_bokehlicious_fl_36_A_20_intp/0011_bottom_left_net_large_f20.0_IMG_6654.png
https://f004.backblazeb2.com/file/dof-mos/Scene5/fl_36/dir_00_F2.8_align_whitebal/0012_bottom_left_IMG_6663.png,https://f004.backblazeb2.com/file/dof-mos/Scene5/fl_36/dir_01_bokehme_dfs20_K40_dispfocus0.15/0012_bottom_left_frame_0012.jpg,https://f004.backblazeb2.com/file/dof-mos/Scene5/fl_36/dir_02_drbokeh_K15_fp0.3/0012_bottom_left_IMG_6655.png,https://f004.backblazeb2.com/file/dof-mos/Scene5/fl_36/dir_03_demo/0012_bottom_left_IMG_6655_15.0_-0.42.jpg,https://f004.backblazeb2.com/file/dof-mos/Scene5/fl_36/dir_04_bokehlicious_fl_36_A_20_intp/0012_bottom_left_net_large_f20.0_IMG_6655.png
https://f004.backblazeb2.com/file/dof-mos/Scene5/fl_36/dir_00_F2.8_align_whitebal/0013_top_right_IMG_6664.png,https://f004.backblazeb2.com/file/dof-mos/Scene5/fl_36/dir_01_bokehme_dfs20_K40_dispfocus0.15/0013_top_right_frame_0013.jpg,https://f004.backblazeb2.com/file/dof-mos/Scene5/fl_36/dir_02_drbokeh_K15_fp0.3/0013_top_right_IMG_6656.png,https://f004.backblazeb2.com/file/dof-mos/Scene5/fl_36/dir_03_demo/0013_top_right_IMG_6656_15.0_-0.42.jpg,https://f004.backblazeb2.com/file/dof-mos/Scene5/fl_36/dir_04_bokehlicious_fl_36_A_20_intp/0013_top_right_net_large_f20.0_IMG_6656.png
https://f004.backblazeb2.com/file/dof-mos/Scene5/fl_36/dir_00_F2.8_align_whitebal/0014_top_left_IMG_6665.png,https://f004.backblazeb2.com/file/dof-mos/Scene5/fl_36/dir_01_bokehme_dfs20_K40_dispfocus0.15/0014_top_left_frame_0014.jpg,https://f004.backblazeb2.com/file/dof-mos/Scene5/fl_36/dir_02_drbokeh_K15_fp0.3/0014_top_left_IMG_6673.png,https://f004.backblazeb2.com/file/dof-mos/Scene5/fl_36/dir_03_demo/0014_top_left_IMG_6673_15.0_-0.42.jpg,https://f004.backblazeb2.com/file/dof-mos/Scene5/fl_36/dir_04_bokehlicious_fl_36_A_20_intp/0014_top_left_net_large_f20.0_IMG_6673.png
https://f004.backblazeb2.com/file/dof-mos/Scene5/fl_36/dir_00_F2.8_align_whitebal/0015_top_left_IMG_6666.png,https://f004.backblazeb2.com/file/dof-mos/Scene5/fl_36/dir_01_bokehme_dfs20_K40_dispfocus0.15/0015_top_left_frame_0015.jpg,https://f004.backblazeb2.com/file/dof-mos/Scene5/fl_36/dir_02_drbokeh_K15_fp0.3/0015_top_left_IMG_6674.png,https://f004.backblazeb2.com/file/dof-mos/Scene5/fl_36/dir_03_demo/0015_top_left_IMG_6674_15.0_-0.42.jpg,https://f004.backblazeb2.com/file/dof-mos/Scene5/fl_36/dir_04_bokehlicious_fl_36_A_20_intp/0015_top_left_net_large_f20.0_IMG_6674.png
https://f004.backblazeb2.com/file/dof-mos/Scene5/fl_36/dir_00_F2.8_align_whitebal/0016_center_IMG_6603.png,https://f004.backblazeb2.com/file/dof-mos/Scene5/fl_36/dir_01_bokehme_dfs20_K40_dispfocus0.15/0016_center_frame_0000.jpg,https://f004.backblazeb2.com/file/dof-mos/Scene5/fl_36/dir_02_drbokeh_K15_fp0.3/0016_center_IMG_6595.png,https://f004.backblazeb2.com/file/dof-mos/Scene5/fl_36/dir_03_demo/0016_center_IMG_6595_15.0_-0.42.jpg,https://f004.backblazeb2.com/file/dof-mos/Scene5/fl_36/dir_04_bokehlicious_fl_36_A_20_intp/0016_center_net_large_f20.0_IMG_6595.png
https://f004.backblazeb2.com/file/dof-mos/Scene5/fl_36/dir_00_F2.8_align_whitebal/0017_center_IMG_6604.png,https://f004.backblazeb2.com/file/dof-mos/Scene5/fl_36/dir_01_bokehme_dfs20_K40_dispfocus0.15/0017_center_frame_0001.jpg,https://f004.backblazeb2.com/file/dof-mos/Scene5/fl_36/dir_02_drbokeh_K15_fp0.3/0017_center_IMG_6596.png,https://f004.backblazeb2.com/file/dof-mos/Scene5/fl_36/dir_03_demo/0017_center_IMG_6596_15.0_-0.42.jpg,https://f004.backblazeb2.com/file/dof-mos/Scene5/fl_36/dir_04_bokehlicious_fl_36_A_20_intp/0017_center_net_large_f20.0_IMG_6596.png
https://f004.backblazeb2.com/file/dof-mos/Scene5/fl_36/dir_00_F2.8_align_whitebal/0018_center_IMG_6605.png,https://f004.backblazeb2.com/file/dof-mos/Scene5/fl_36/dir_01_bokehme_dfs20_K40_dispfocus0.15/0018_center_frame_0002.jpg,https://f004.backblazeb2.com/file/dof-mos/Scene5/fl_36/dir_02_drbokeh_K15_fp0.3/0018_center_IMG_6613.png,https://f004.backblazeb2.com/file/dof-mos/Scene5/fl_36/dir_03_demo/0018_center_IMG_6613_15.0_-0.42.jpg,https://f004.backblazeb2.com/file/dof-mos/Scene5/fl_36/dir_04_bokehlicious_fl_36_A_20_intp/0018_center_net_large_f20.0_IMG_6613.png
https://f004.backblazeb2.com/file/dof-mos/Scene5/fl_36/dir_00_F2.8_align_whitebal/0019_center_IMG_6606.png,https://f004.backblazeb2.com/file/dof-mos/Scene5/fl_36/dir_01_bokehme_dfs20_K40_dispfocus0.15/0019_center_frame_0003.jpg,https://f004.backblazeb2.com/file/dof-mos/Scene5/fl_36/dir_02_drbokeh_K15_fp0.3/0019_center_IMG_6614.png,https://f004.backblazeb2.com/file/dof-mos/Scene5/fl_36/dir_03_demo/0019_center_IMG_6614_15.0_-0.42.jpg,https://f004.backblazeb2.com/file/dof-mos/Scene5/fl_36/dir_04_bokehlicious_fl_36_A_20_intp/0019_center_net_large_f20.0_IMG_6614.png
https://f004.backblazeb2.com/file/dof-mos/Scene5/fl_36/dir_00_F2.8_align_whitebal/0020_center_IMG_6623.png,https://f004.backblazeb2.com/file/dof-mos/Scene5/fl_36/dir_01_bokehme_dfs20_K40_dispfocus0.15/0020_center_frame_0004.jpg,https://f004.backblazeb2.com/file/dof-mos/Scene5/fl_36/dir_02_drbokeh_K15_fp0.3/0020_center_IMG_6615.png,https://f004.backblazeb2.com/file/dof-mos/Scene5/fl_36/dir_03_demo/0020_center_IMG_6615_15.0_-0.42.jpg,https://f004.backblazeb2.com/file/dof-mos/Scene5/fl_36/dir_04_bokehlicious_fl_36_A_20_intp/0020_center_net_large_f20.0_IMG_6615.png
https://f004.backblazeb2.com/file/dof-mos/Scene5/fl_36/dir_00_F2.8_align_whitebal/0021_center_IMG_6624.png,https://f004.backblazeb2.com/file/dof-mos/Scene5/fl_36/dir_01_bokehme_dfs20_K40_dispfocus0.15/0021_center_frame_0005.jpg,https://f004.backblazeb2.com/file/dof-mos/Scene5/fl_36/dir_02_drbokeh_K15_fp0.3/0021_center_IMG_6616.png,https://f004.backblazeb2.com/file/dof-mos/Scene5/fl_36/dir_03_demo/0021_center_IMG_6616_15.0_-0.42.jpg,https://f004.backblazeb2.com/file/dof-mos/Scene5/fl_36/dir_04_bokehlicious_fl_36_A_20_intp/0021_center_net_large_f20.0_IMG_6616.png
https://f004.backblazeb2.com/file/dof-mos/Scene5/fl_36/dir_00_F2.8_align_whitebal/0022_center_IMG_6625.png,https://f004.backblazeb2.com/file/dof-mos/Scene5/fl_36/dir_01_bokehme_dfs20_K40_dispfocus0.15/0022_center_frame_0006.jpg,https://f004.backblazeb2.com/file/dof-mos/Scene5/fl_36/dir_02_drbokeh_K15_fp0.3/0022_center_IMG_6633.png,https://f004.backblazeb2.com/file/dof-mos/Scene5/fl_36/dir_03_demo/0022_center_IMG_6633_15.0_-0.42.jpg,https://f004.backblazeb2.com/file/dof-mos/Scene5/fl_36/dir_04_bokehlicious_fl_36_A_20_intp/0022_center_net_large_f20.0_IMG_6633.png
https://f004.backblazeb2.com/file/dof-mos/Scene5/fl_36/dir_00_F2.8_align_whitebal/0023_center_IMG_6626.png,https://f004.backblazeb2.com/file/dof-mos/Scene5/fl_36/dir_01_bokehme_dfs20_K40_dispfocus0.15/0023_center_frame_0007.jpg,https://f004.backblazeb2.com/file/dof-mos/Scene5/fl_36/dir_02_drbokeh_K15_fp0.3/0023_center_IMG_6634.png,https://f004.backblazeb2.com/file/dof-mos/Scene5/fl_36/dir_03_demo/0023_center_IMG_6634_15.0_-0.42.jpg,https://f004.backblazeb2.com/file/dof-mos/Scene5/fl_36/dir_04_bokehlicious_fl_36_A_20_intp/0023_center_net_large_f20.0_IMG_6634.png
https://f004.backblazeb2.com/file/dof-mos/Scene5/fl_36/dir_00_F2.8_align_whitebal/0024_center_IMG_6643.png,https://f004.backblazeb2.com/file/dof-mos/Scene5/fl_36/dir_01_bokehme_dfs20_K40_dispfocus0.15/0024_center_frame_0008.jpg,https://f004.backblazeb2.com/file/dof-mos/Scene5/fl_36/dir_02_drbokeh_K15_fp0.3/0024_center_IMG_6635.png,https://f004.backblazeb2.com/file/dof-mos/Scene5/fl_36/dir_03_demo/0024_center_IMG_6635_15.0_-0.42.jpg,https://f004.backblazeb2.com/file/dof-mos/Scene5/fl_36/dir_04_bokehlicious_fl_36_A_20_intp/0024_center_net_large_f20.0_IMG_6635.png
https://f004.backblazeb2.com/file/dof-mos/Scene5/fl_36/dir_00_F2.8_align_whitebal/0025_center_IMG_6644.png,https://f004.backblazeb2.com/file/dof-mos/Scene5/fl_36/dir_01_bokehme_dfs20_K40_dispfocus0.15/0025_center_frame_0009.jpg,https://f004.backblazeb2.com/file/dof-mos/Scene5/fl_36/dir_02_drbokeh_K15_fp0.3/0025_center_IMG_6636.png,https://f004.backblazeb2.com/file/dof-mos/Scene5/fl_36/dir_03_demo/0025_center_IMG_6636_15.0_-0.42.jpg,https://f004.backblazeb2.com/file/dof-mos/Scene5/fl_36/dir_04_bokehlicious_fl_36_A_20_intp/0025_center_net_large_f20.0_IMG_6636.png
https://f004.backblazeb2.com/file/dof-mos/Scene5/fl_36/dir_00_F2.8_align_whitebal/0026_center_IMG_6645.png,https://f004.backblazeb2.com/file/dof-mos/Scene5/fl_36/dir_01_bokehme_dfs20_K40_dispfocus0.15/0026_center_frame_0010.jpg,https://f004.backblazeb2.com/file/dof-mos/Scene5/fl_36/dir_02_drbokeh_K15_fp0.3/0026_center_IMG_6653.png,https://f004.backblazeb2.com/file/dof-mos/Scene5/fl_36/dir_03_demo/0026_center_IMG_6653_15.0_-0.42.jpg,https://f004.backblazeb2.com/file/dof-mos/Scene5/fl_36/dir_04_bokehlicious_fl_36_A_20_intp/0026_center_net_large_f20.0_IMG_6653.png
https://f004.backblazeb2.com/file/dof-mos/Scene5/fl_36/dir_00_F2.8_align_whitebal/0027_center_IMG_6646.png,https://f004.backblazeb2.com/file/dof-mos/Scene5/fl_36/dir_01_bokehme_dfs20_K40_dispfocus0.15/0027_center_frame_0011.jpg,https://f004.backblazeb2.com/file/dof-mos/Scene5/fl_36/dir_02_drbokeh_K15_fp0.3/0027_center_IMG_6654.png,https://f004.backblazeb2.com/file/dof-mos/Scene5/fl_36/dir_03_demo/0027_center_IMG_6654_15.0_-0.42.jpg,https://f004.backblazeb2.com/file/dof-mos/Scene5/fl_36/dir_04_bokehlicious_fl_36_A_20_intp/0027_center_net_large_f20.0_IMG_6654.png
https://f004.backblazeb2.com/file/dof-mos/Scene5/fl_36/dir_00_F2.8_align_whitebal/0028_center_IMG_6663.png,https://f004.backblazeb2.com/file/dof-mos/Scene5/fl_36/dir_01_bokehme_dfs20_K40_dispfocus0.15/0028_center_frame_0012.jpg,https://f004.backblazeb2.com/file/dof-mos/Scene5/fl_36/dir_02_drbokeh_K15_fp0.3/0028_center_IMG_6655.png,https://f004.backblazeb2.com/file/dof-mos/Scene5/fl_36/dir_03_demo/0028_center_IMG_6655_15.0_-0.42.jpg,https://f004.backblazeb2.com/file/dof-mos/Scene5/fl_36/dir_04_bokehlicious_fl_36_A_20_intp/0028_center_net_large_f20.0_IMG_6655.png
https://f004.backblazeb2.com/file/dof-mos/Scene5/fl_36/dir_00_F2.8_align_whitebal/0029_center_IMG_6664.png,https://f004.backblazeb2.com/file/dof-mos/Scene5/fl_36/dir_01_bokehme_dfs20_K40_dispfocus0.15/0029_center_frame_0013.jpg,https://f004.backblazeb2.com/file/dof-mos/Scene5/fl_36/dir_02_drbokeh_K15_fp0.3/0029_center_IMG_6656.png,https://f004.backblazeb2.com/file/dof-mos/Scene5/fl_36/dir_03_demo/0029_center_IMG_6656_15.0_-0.42.jpg,https://f004.backblazeb2.com/file/dof-mos/Scene5/fl_36/dir_04_bokehlicious_fl_36_A_20_intp/0029_center_net_large_f20.0_IMG_6656.png
https://f004.backblazeb2.com/file/dof-mos/Scene5/fl_36/dir_00_F2.8_align_whitebal/0030_center_IMG_6665.png,https://f004.backblazeb2.com/file/dof-mos/Scene5/fl_36/dir_01_bokehme_dfs20_K40_dispfocus0.15/0030_center_frame_0014.jpg,https://f004.backblazeb2.com/file/dof-mos/Scene5/fl_36/dir_02_drbokeh_K15_fp0.3/0030_center_IMG_6673.png,https://f004.backblazeb2.com/file/dof-mos/Scene5/fl_36/dir_03_demo/0030_center_IMG_6673_15.0_-0.42.jpg,https://f004.backblazeb2.com/file/dof-mos/Scene5/fl_36/dir_04_bokehlicious_fl_36_A_20_intp/0030_center_net_large_f20.0_IMG_6673.png
https://f004.backblazeb2.com/file/dof-mos/Scene5/fl_36/dir_00_F2.8_align_whitebal/0031_center_IMG_6666.png,https://f004.backblazeb2.com/file/dof-mos/Scene5/fl_36/dir_01_bokehme_dfs20_K40_dispfocus0.15/0031_center_frame_0015.jpg,https://f004.backblazeb2.com/file/dof-mos/Scene5/fl_36/dir_02_drbokeh_K15_fp0.3/0031_center_IMG_6674.png,https://f004.backblazeb2.com/file/dof-mos/Scene5/fl_36/dir_03_demo/0031_center_IMG_6674_15.0_-0.42.jpg,https://f004.backblazeb2.com/file/dof-mos/Scene5/fl_36/dir_04_bokehlicious_fl_36_A_20_intp/0031_center_net_large_f20.0_IMG_6674.png
https://f004.backblazeb2.com/file/dof-mos/Scene8/fl_45/dir_00_F2.8_align_whitebal/0000_bottom_left_IMG_9107.png,https://f004.backblazeb2.com/file/dof-mos/Scene8/fl_45/dir_01_bokehme_dfs20_K40_dispfocus0.15/0000_bottom_left_frame_0000.jpg,https://f004.backblazeb2.com/file/dof-mos/Scene8/fl_45/dir_02_drbokeh_K15_fp0.3/0000_bottom_left_IMG_9099.png,https://f004.backblazeb2.com/file/dof-mos/Scene8/fl_45/dir_03_demo/0000_bottom_left_IMG_9099_15.0_-0.42.jpg,https://f004.backblazeb2.com/file/dof-mos/Scene8/fl_45/dir_04_bokehlicious_fl_45_A_13_intp/0000_bottom_left_net_large_f13.0_IMG_9099.png
https://f004.backblazeb2.com/file/dof-mos/Scene8/fl_45/dir_00_F2.8_align_whitebal/0001_top_right_IMG_9108.png,https://f004.backblazeb2.com/file/dof-mos/Scene8/fl_45/dir_01_bokehme_dfs20_K40_dispfocus0.15/0001_top_right_frame_0001.jpg,https://f004.backblazeb2.com/file/dof-mos/Scene8/fl_45/dir_02_drbokeh_K15_fp0.3/0001_top_right_IMG_9100.png,https://f004.backblazeb2.com/file/dof-mos/Scene8/fl_45/dir_03_demo/0001_top_right_IMG_9100_15.0_-0.42.jpg,https://f004.backblazeb2.com/file/dof-mos/Scene8/fl_45/dir_04_bokehlicious_fl_45_A_13_intp/0001_top_right_net_large_f13.0_IMG_9100.png
https://f004.backblazeb2.com/file/dof-mos/Scene8/fl_45/dir_00_F2.8_align_whitebal/0002_top_left_IMG_9109.png,https://f004.backblazeb2.com/file/dof-mos/Scene8/fl_45/dir_01_bokehme_dfs20_K40_dispfocus0.15/0002_top_left_frame_0002.jpg,https://f004.backblazeb2.com/file/dof-mos/Scene8/fl_45/dir_02_drbokeh_K15_fp0.3/0002_top_left_IMG_9117.png,https://f004.backblazeb2.com/file/dof-mos/Scene8/fl_45/dir_03_demo/0002_top_left_IMG_9117_15.0_-0.42.jpg,https://f004.backblazeb2.com/file/dof-mos/Scene8/fl_45/dir_04_bokehlicious_fl_45_A_13_intp/0002_top_left_net_large_f13.0_IMG_9117.png
https://f004.backblazeb2.com/file/dof-mos/Scene8/fl_45/dir_00_F2.8_align_whitebal/0003_top_left_IMG_9110.png,https://f004.backblazeb2.com/file/dof-mos/Scene8/fl_45/dir_01_bokehme_dfs20_K40_dispfocus0.15/0003_top_left_frame_0003.jpg,https://f004.backblazeb2.com/file/dof-mos/Scene8/fl_45/dir_02_drbokeh_K15_fp0.3/0003_top_left_IMG_9118.png,https://f004.backblazeb2.com/file/dof-mos/Scene8/fl_45/dir_03_demo/0003_top_left_IMG_9118_15.0_-0.42.jpg,https://f004.backblazeb2.com/file/dof-mos/Scene8/fl_45/dir_04_bokehlicious_fl_45_A_13_intp/0003_top_left_net_large_f13.0_IMG_9118.png
https://f004.backblazeb2.com/file/dof-mos/Scene8/fl_45/dir_00_F2.8_align_whitebal/0004_bottom_left_IMG_9127.png,https://f004.backblazeb2.com/file/dof-mos/Scene8/fl_45/dir_01_bokehme_dfs20_K40_dispfocus0.15/0004_bottom_left_frame_0004.jpg,https://f004.backblazeb2.com/file/dof-mos/Scene8/fl_45/dir_02_drbokeh_K15_fp0.3/0004_bottom_left_IMG_9119.png,https://f004.backblazeb2.com/file/dof-mos/Scene8/fl_45/dir_03_demo/0004_bottom_left_IMG_9119_15.0_-0.42.jpg,https://f004.backblazeb2.com/file/dof-mos/Scene8/fl_45/dir_04_bokehlicious_fl_45_A_13_intp/0004_bottom_left_net_large_f13.0_IMG_9119.png
https://f004.backblazeb2.com/file/dof-mos/Scene8/fl_45/dir_00_F2.8_align_whitebal/0005_bottom_left_IMG_9128.png,https://f004.backblazeb2.com/file/dof-mos/Scene8/fl_45/dir_01_bokehme_dfs20_K40_dispfocus0.15/0005_bottom_left_frame_0005.jpg,https://f004.backblazeb2.com/file/dof-mos/Scene8/fl_45/dir_02_drbokeh_K15_fp0.3/0005_bottom_left_IMG_9120.png,https://f004.backblazeb2.com/file/dof-mos/Scene8/fl_45/dir_03_demo/0005_bottom_left_IMG_9120_15.0_-0.42.jpg,https://f004.backblazeb2.com/file/dof-mos/Scene8/fl_45/dir_04_bokehlicious_fl_45_A_13_intp/0005_bottom_left_net_large_f13.0_IMG_9120.png
https://f004.backblazeb2.com/file/dof-mos/Scene8/fl_45/dir_00_F2.8_align_whitebal/0006_bottom_right_IMG_9129.png,https://f004.backblazeb2.com/file/dof-mos/Scene8/fl_45/dir_01_bokehme_dfs20_K40_dispfocus0.15/0006_bottom_right_frame_0006.jpg,https://f004.backblazeb2.com/file/dof-mos/Scene8/fl_45/dir_02_drbokeh_K15_fp0.3/0006_bottom_right_IMG_9137.png,https://f004.backblazeb2.com/file/dof-mos/Scene8/fl_45/dir_03_demo/0006_bottom_right_IMG_9137_15.0_-0.42.jpg,https://f004.backblazeb2.com/file/dof-mos/Scene8/fl_45/dir_04_bokehlicious_fl_45_A_13_intp/0006_bottom_right_net_large_f13.0_IMG_9137.png
https://f004.backblazeb2.com/file/dof-mos/Scene8/fl_45/dir_00_F2.8_align_whitebal/0007_bottom_right_IMG_9130.png,https://f004.backblazeb2.com/file/dof-mos/Scene8/fl_45/dir_01_bokehme_dfs20_K40_dispfocus0.15/0007_bottom_right_frame_0007.jpg,https://f004.backblazeb2.com/file/dof-mos/Scene8/fl_45/dir_02_drbokeh_K15_fp0.3/0007_bottom_right_IMG_9138.png,https://f004.backblazeb2.com/file/dof-mos/Scene8/fl_45/dir_03_demo/0007_bottom_right_IMG_9138_15.0_-0.42.jpg,https://f004.backblazeb2.com/file/dof-mos/Scene8/fl_45/dir_04_bokehlicious_fl_45_A_13_intp/0007_bottom_right_net_large_f13.0_IMG_9138.png
https://f004.backblazeb2.com/file/dof-mos/Scene8/fl_45/dir_00_F2.8_align_whitebal/0008_bottom_right_IMG_9147.png,https://f004.backblazeb2.com/file/dof-mos/Scene8/fl_45/dir_01_bokehme_dfs20_K40_dispfocus0.15/0008_bottom_right_frame_0008.jpg,https://f004.backblazeb2.com/file/dof-mos/Scene8/fl_45/dir_02_drbokeh_K15_fp0.3/0008_bottom_right_IMG_9139.png,https://f004.backblazeb2.com/file/dof-mos/Scene8/fl_45/dir_03_demo/0008_bottom_right_IMG_9139_15.0_-0.42.jpg,https://f004.backblazeb2.com/file/dof-mos/Scene8/fl_45/dir_04_bokehlicious_fl_45_A_13_intp/0008_bottom_right_net_large_f13.0_IMG_9139.png
https://f004.backblazeb2.com/file/dof-mos/Scene8/fl_45/dir_00_F2.8_align_whitebal/0009_top_left_IMG_9148.png,https://f004.backblazeb2.com/file/dof-mos/Scene8/fl_45/dir_01_bokehme_dfs20_K40_dispfocus0.15/0009_top_left_frame_0009.jpg,https://f004.backblazeb2.com/file/dof-mos/Scene8/fl_45/dir_02_drbokeh_K15_fp0.3/0009_top_left_IMG_9140.png,https://f004.backblazeb2.com/file/dof-mos/Scene8/fl_45/dir_03_demo/0009_top_left_IMG_9140_15.0_-0.42.jpg,https://f004.backblazeb2.com/file/dof-mos/Scene8/fl_45/dir_04_bokehlicious_fl_45_A_13_intp/0009_top_left_net_large_f13.0_IMG_9140.png
https://f004.backblazeb2.com/file/dof-mos/Scene8/fl_45/dir_00_F2.8_align_whitebal/0010_bottom_right_IMG_9149.png,https://f004.backblazeb2.com/file/dof-mos/Scene8/fl_45/dir_01_bokehme_dfs20_K40_dispfocus0.15/0010_bottom_right_frame_0010.jpg,https://f004.backblazeb2.com/file/dof-mos/Scene8/fl_45/dir_02_drbokeh_K15_fp0.3/0010_bottom_right_IMG_9157.png,https://f004.backblazeb2.com/file/dof-mos/Scene8/fl_45/dir_03_demo/0010_bottom_right_IMG_9157_15.0_-0.42.jpg,https://f004.backblazeb2.com/file/dof-mos/Scene8/fl_45/dir_04_bokehlicious_fl_45_A_13_intp/0010_bottom_right_net_large_f13.0_IMG_9157.png
https://f004.backblazeb2.com/file/dof-mos/Scene8/fl_45/dir_00_F2.8_align_whitebal/0011_top_left_IMG_9150.png,https://f004.backblazeb2.com/file/dof-mos/Scene8/fl_45/dir_01_bokehme_dfs20_K40_dispfocus0.15/0011_top_left_frame_0011.jpg,https://f004.backblazeb2.com/file/dof-mos/Scene8/fl_45/dir_02_drbokeh_K15_fp0.3/0011_top_left_IMG_9158.png,https://f004.backblazeb2.com/file/dof-mos/Scene8/fl_45/dir_03_demo/0011_top_left_IMG_9158_15.0_-0.42.jpg,https://f004.backblazeb2.com/file/dof-mos/Scene8/fl_45/dir_04_bokehlicious_fl_45_A_13_intp/0011_top_left_net_large_f13.0_IMG_9158.png
https://f004.backblazeb2.com/file/dof-mos/Scene8/fl_45/dir_00_F2.8_align_whitebal/0012_top_right_IMG_9167.png,https://f004.backblazeb2.com/file/dof-mos/Scene8/fl_45/dir_01_bokehme_dfs20_K40_dispfocus0.15/0012_top_right_frame_0012.jpg,https://f004.backblazeb2.com/file/dof-mos/Scene8/fl_45/dir_02_drbokeh_K15_fp0.3/0012_top_right_IMG_9159.png,https://f004.backblazeb2.com/file/dof-mos/Scene8/fl_45/dir_03_demo/0012_top_right_IMG_9159_15.0_-0.42.jpg,https://f004.backblazeb2.com/file/dof-mos/Scene8/fl_45/dir_04_bokehlicious_fl_45_A_13_intp/0012_top_right_net_large_f13.0_IMG_9159.png
https://f004.backblazeb2.com/file/dof-mos/Scene8/fl_45/dir_00_F2.8_align_whitebal/0013_bottom_right_IMG_9168.png,https://f004.backblazeb2.com/file/dof-mos/Scene8/fl_45/dir_01_bokehme_dfs20_K40_dispfocus0.15/0013_bottom_right_frame_0013.jpg,https://f004.backblazeb2.com/file/dof-mos/Scene8/fl_45/dir_02_drbokeh_K15_fp0.3/0013_bottom_right_IMG_9160.png,https://f004.backblazeb2.com/file/dof-mos/Scene8/fl_45/dir_03_demo/0013_bottom_right_IMG_9160_15.0_-0.42.jpg,https://f004.backblazeb2.com/file/dof-mos/Scene8/fl_45/dir_04_bokehlicious_fl_45_A_13_intp/0013_bottom_right_net_large_f13.0_IMG_9160.png
https://f004.backblazeb2.com/file/dof-mos/Scene8/fl_45/dir_00_F2.8_align_whitebal/0014_top_right_IMG_9169.png,https://f004.backblazeb2.com/file/dof-mos/Scene8/fl_45/dir_01_bokehme_dfs20_K40_dispfocus0.15/0014_top_right_frame_0014.jpg,https://f004.backblazeb2.com/file/dof-mos/Scene8/fl_45/dir_02_drbokeh_K15_fp0.3/0014_top_right_IMG_9177.png,https://f004.backblazeb2.com/file/dof-mos/Scene8/fl_45/dir_03_demo/0014_top_right_IMG_9177_15.0_-0.42.jpg,https://f004.backblazeb2.com/file/dof-mos/Scene8/fl_45/dir_04_bokehlicious_fl_45_A_13_intp/0014_top_right_net_large_f13.0_IMG_9177.png
https://f004.backblazeb2.com/file/dof-mos/Scene8/fl_45/dir_00_F2.8_align_whitebal/0015_bottom_right_IMG_9170.png,https://f004.backblazeb2.com/file/dof-mos/Scene8/fl_45/dir_01_bokehme_dfs20_K40_dispfocus0.15/0015_bottom_right_frame_0015.jpg,https://f004.backblazeb2.com/file/dof-mos/Scene8/fl_45/dir_02_drbokeh_K15_fp0.3/0015_bottom_right_IMG_9178.png,https://f004.backblazeb2.com/file/dof-mos/Scene8/fl_45/dir_03_demo/0015_bottom_right_IMG_9178_15.0_-0.42.jpg,https://f004.backblazeb2.com/file/dof-mos/Scene8/fl_45/dir_04_bokehlicious_fl_45_A_13_intp/0015_bottom_right_net_large_f13.0_IMG_9178.png
https://f004.backblazeb2.com/file/dof-mos/Scene8/fl_45/dir_00_F2.8_align_whitebal/0016_bottom_left_IMG_9187.png,https://f004.backblazeb2.com/file/dof-mos/Scene8/fl_45/dir_01_bokehme_dfs20_K40_dispfocus0.15/0016_bottom_left_frame_0016.jpg,https://f004.backblazeb2.com/file/dof-mos/Scene8/fl_45/dir_02_drbokeh_K15_fp0.3/0016_bottom_left_IMG_9179.png,https://f004.backblazeb2.com/file/dof-mos/Scene8/fl_45/dir_03_demo/0016_bottom_left_IMG_9179_15.0_-0.42.jpg,https://f004.backblazeb2.com/file/dof-mos/Scene8/fl_45/dir_04_bokehlicious_fl_45_A_13_intp/0016_bottom_left_net_large_f13.0_IMG_9179.png
https://f004.backblazeb2.com/file/dof-mos/Scene8/fl_45/dir_00_F2.8_align_whitebal/0017_bottom_right_IMG_9188.png,https://f004.backblazeb2.com/file/dof-mos/Scene8/fl_45/dir_01_bokehme_dfs20_K40_dispfocus0.15/0017_bottom_right_frame_0017.jpg,https://f004.backblazeb2.com/file/dof-mos/Scene8/fl_45/dir_02_drbokeh_K15_fp0.3/0017_bottom_right_IMG_9180.png,https://f004.backblazeb2.com/file/dof-mos/Scene8/fl_45/dir_03_demo/0017_bottom_right_IMG_9180_15.0_-0.42.jpg,https://f004.backblazeb2.com/file/dof-mos/Scene8/fl_45/dir_04_bokehlicious_fl_45_A_13_intp/0017_bottom_right_net_large_f13.0_IMG_9180.png
https://f004.backblazeb2.com/file/dof-mos/Scene8/fl_45/dir_00_F2.8_align_whitebal/0018_center_IMG_9107.png,https://f004.backblazeb2.com/file/dof-mos/Scene8/fl_45/dir_01_bokehme_dfs20_K40_dispfocus0.15/0018_center_frame_0000.jpg,https://f004.backblazeb2.com/file/dof-mos/Scene8/fl_45/dir_02_drbokeh_K15_fp0.3/0018_center_IMG_9099.png,https://f004.backblazeb2.com/file/dof-mos/Scene8/fl_45/dir_03_demo/0018_center_IMG_9099_15.0_-0.42.jpg,https://f004.backblazeb2.com/file/dof-mos/Scene8/fl_45/dir_04_bokehlicious_fl_45_A_13_intp/0018_center_net_large_f13.0_IMG_9099.png
https://f004.backblazeb2.com/file/dof-mos/Scene8/fl_45/dir_00_F2.8_align_whitebal/0019_center_IMG_9108.png,https://f004.backblazeb2.com/file/dof-mos/Scene8/fl_45/dir_01_bokehme_dfs20_K40_dispfocus0.15/0019_center_frame_0001.jpg,https://f004.backblazeb2.com/file/dof-mos/Scene8/fl_45/dir_02_drbokeh_K15_fp0.3/0019_center_IMG_9100.png,https://f004.backblazeb2.com/file/dof-mos/Scene8/fl_45/dir_03_demo/0019_center_IMG_9100_15.0_-0.42.jpg,https://f004.backblazeb2.com/file/dof-mos/Scene8/fl_45/dir_04_bokehlicious_fl_45_A_13_intp/0019_center_net_large_f13.0_IMG_9100.png
https://f004.backblazeb2.com/file/dof-mos/Scene8/fl_45/dir_00_F2.8_align_whitebal/0020_center_IMG_9109.png,https://f004.backblazeb2.com/file/dof-mos/Scene8/fl_45/dir_01_bokehme_dfs20_K40_dispfocus0.15/0020_center_frame_0002.jpg,https://f004.backblazeb2.com/file/dof-mos/Scene8/fl_45/dir_02_drbokeh_K15_fp0.3/0020_center_IMG_9117.png,https://f004.backblazeb2.com/file/dof-mos/Scene8/fl_45/dir_03_demo/0020_center_IMG_9117_15.0_-0.42.jpg,https://f004.backblazeb2.com/file/dof-mos/Scene8/fl_45/dir_04_bokehlicious_fl_45_A_13_intp/0020_center_net_large_f13.0_IMG_9117.png
https://f004.backblazeb2.com/file/dof-mos/Scene8/fl_45/dir_00_F2.8_align_whitebal/0021_center_IMG_9110.png,https://f004.backblazeb2.com/file/dof-mos/Scene8/fl_45/dir_01_bokehme_dfs20_K40_dispfocus0.15/0021_center_frame_0003.jpg,https://f004.backblazeb2.com/file/dof-mos/Scene8/fl_45/dir_02_drbokeh_K15_fp0.3/0021_center_IMG_9118.png,https://f004.backblazeb2.com/file/dof-mos/Scene8/fl_45/dir_03_demo/0021_center_IMG_9118_15.0_-0.42.jpg,https://f004.backblazeb2.com/file/dof-mos/Scene8/fl_45/dir_04_bokehlicious_fl_45_A_13_intp/0021_center_net_large_f13.0_IMG_9118.png
https://f004.backblazeb2.com/file/dof-mos/Scene8/fl_45/dir_00_F2.8_align_whitebal/0022_center_IMG_9127.png,https://f004.backblazeb2.com/file/dof-mos/Scene8/fl_45/dir_01_bokehme_dfs20_K40_dispfocus0.15/0022_center_frame_0004.jpg,https://f004.backblazeb2.com/file/dof-mos/Scene8/fl_45/dir_02_drbokeh_K15_fp0.3/0022_center_IMG_9119.png,https://f004.backblazeb2.com/file/dof-mos/Scene8/fl_45/dir_03_demo/0022_center_IMG_9119_15.0_-0.42.jpg,https://f004.backblazeb2.com/file/dof-mos/Scene8/fl_45/dir_04_bokehlicious_fl_45_A_13_intp/0022_center_net_large_f13.0_IMG_9119.png
https://f004.backblazeb2.com/file/dof-mos/Scene8/fl_45/dir_00_F2.8_align_whitebal/0023_center_IMG_9128.png,https://f004.backblazeb2.com/file/dof-mos/Scene8/fl_45/dir_01_bokehme_dfs20_K40_dispfocus0.15/0023_center_frame_0005.jpg,https://f004.backblazeb2.com/file/dof-mos/Scene8/fl_45/dir_02_drbokeh_K15_fp0.3/0023_center_IMG_9120.png,https://f004.backblazeb2.com/file/dof-mos/Scene8/fl_45/dir_03_demo/0023_center_IMG_9120_15.0_-0.42.jpg,https://f004.backblazeb2.com/file/dof-mos/Scene8/fl_45/dir_04_bokehlicious_fl_45_A_13_intp/0023_center_net_large_f13.0_IMG_9120.png
https://f004.backblazeb2.com/file/dof-mos/Scene8/fl_45/dir_00_F2.8_align_whitebal/0024_center_IMG_9129.png,https://f004.backblazeb2.com/file/dof-mos/Scene8/fl_45/dir_01_bokehme_dfs20_K40_dispfocus0.15/0024_center_frame_0006.jpg,https://f004.backblazeb2.com/file/dof-mos/Scene8/fl_45/dir_02_drbokeh_K15_fp0.3/0024_center_IMG_9137.png,https://f004.backblazeb2.com/file/dof-mos/Scene8/fl_45/dir_03_demo/0024_center_IMG_9137_15.0_-0.42.jpg,https://f004.backblazeb2.com/file/dof-mos/Scene8/fl_45/dir_04_bokehlicious_fl_45_A_13_intp/0024_center_net_large_f13.0_IMG_9137.png
https://f004.backblazeb2.com/file/dof-mos/Scene8/fl_45/dir_00_F2.8_align_whitebal/0025_center_IMG_9130.png,https://f004.backblazeb2.com/file/dof-mos/Scene8/fl_45/dir_01_bokehme_dfs20_K40_dispfocus0.15/0025_center_frame_0007.jpg,https://f004.backblazeb2.com/file/dof-mos/Scene8/fl_45/dir_02_drbokeh_K15_fp0.3/0025_center_IMG_9138.png,https://f004.backblazeb2.com/file/dof-mos/Scene8/fl_45/dir_03_demo/0025_center_IMG_9138_15.0_-0.42.jpg,https://f004.backblazeb2.com/file/dof-mos/Scene8/fl_45/dir_04_bokehlicious_fl_45_A_13_intp/0025_center_net_large_f13.0_IMG_9138.png
https://f004.backblazeb2.com/file/dof-mos/Scene8/fl_45/dir_00_F2.8_align_whitebal/0026_center_IMG_9147.png,https://f004.backblazeb2.com/file/dof-mos/Scene8/fl_45/dir_01_bokehme_dfs20_K40_dispfocus0.15/0026_center_frame_0008.jpg,https://f004.backblazeb2.com/file/dof-mos/Scene8/fl_45/dir_02_drbokeh_K15_fp0.3/0026_center_IMG_9139.png,https://f004.backblazeb2.com/file/dof-mos/Scene8/fl_45/dir_03_demo/0026_center_IMG_9139_15.0_-0.42.jpg,https://f004.backblazeb2.com/file/dof-mos/Scene8/fl_45/dir_04_bokehlicious_fl_45_A_13_intp/0026_center_net_large_f13.0_IMG_9139.png
https://f004.backblazeb2.com/file/dof-mos/Scene8/fl_45/dir_00_F2.8_align_whitebal/0027_center_IMG_9148.png,https://f004.backblazeb2.com/file/dof-mos/Scene8/fl_45/dir_01_bokehme_dfs20_K40_dispfocus0.15/0027_center_frame_0009.jpg,https://f004.backblazeb2.com/file/dof-mos/Scene8/fl_45/dir_02_drbokeh_K15_fp0.3/0027_center_IMG_9140.png,https://f004.backblazeb2.com/file/dof-mos/Scene8/fl_45/dir_03_demo/0027_center_IMG_9140_15.0_-0.42.jpg,https://f004.backblazeb2.com/file/dof-mos/Scene8/fl_45/dir_04_bokehlicious_fl_45_A_13_intp/0027_center_net_large_f13.0_IMG_9140.png
https://f004.backblazeb2.com/file/dof-mos/Scene8/fl_45/dir_00_F2.8_align_whitebal/0028_center_IMG_9149.png,https://f004.backblazeb2.com/file/dof-mos/Scene8/fl_45/dir_01_bokehme_dfs20_K40_dispfocus0.15/0028_center_frame_0010.jpg,https://f004.backblazeb2.com/file/dof-mos/Scene8/fl_45/dir_02_drbokeh_K15_fp0.3/0028_center_IMG_9157.png,https://f004.backblazeb2.com/file/dof-mos/Scene8/fl_45/dir_03_demo/0028_center_IMG_9157_15.0_-0.42.jpg,https://f004.backblazeb2.com/file/dof-mos/Scene8/fl_45/dir_04_bokehlicious_fl_45_A_13_intp/0028_center_net_large_f13.0_IMG_9157.png
https://f004.backblazeb2.com/file/dof-mos/Scene8/fl_45/dir_00_F2.8_align_whitebal/0029_center_IMG_9150.png,https://f004.backblazeb2.com/file/dof-mos/Scene8/fl_45/dir_01_bokehme_dfs20_K40_dispfocus0.15/0029_center_frame_0011.jpg,https://f004.backblazeb2.com/file/dof-mos/Scene8/fl_45/dir_02_drbokeh_K15_fp0.3/0029_center_IMG_9158.png,https://f004.backblazeb2.com/file/dof-mos/Scene8/fl_45/dir_03_demo/0029_center_IMG_9158_15.0_-0.42.jpg,https://f004.backblazeb2.com/file/dof-mos/Scene8/fl_45/dir_04_bokehlicious_fl_45_A_13_intp/0029_center_net_large_f13.0_IMG_9158.png
https://f004.backblazeb2.com/file/dof-mos/Scene8/fl_45/dir_00_F2.8_align_whitebal/0030_center_IMG_9167.png,https://f004.backblazeb2.com/file/dof-mos/Scene8/fl_45/dir_01_bokehme_dfs20_K40_dispfocus0.15/0030_center_frame_0012.jpg,https://f004.backblazeb2.com/file/dof-mos/Scene8/fl_45/dir_02_drbokeh_K15_fp0.3/0030_center_IMG_9159.png,https://f004.backblazeb2.com/file/dof-mos/Scene8/fl_45/dir_03_demo/0030_center_IMG_9159_15.0_-0.42.jpg,https://f004.backblazeb2.com/file/dof-mos/Scene8/fl_45/dir_04_bokehlicious_fl_45_A_13_intp/0030_center_net_large_f13.0_IMG_9159.png
https://f004.backblazeb2.com/file/dof-mos/Scene8/fl_45/dir_00_F2.8_align_whitebal/0031_center_IMG_9168.png,https://f004.backblazeb2.com/file/dof-mos/Scene8/fl_45/dir_01_bokehme_dfs20_K40_dispfocus0.15/0031_center_frame_0013.jpg,https://f004.backblazeb2.com/file/dof-mos/Scene8/fl_45/dir_02_drbokeh_K15_fp0.3/0031_center_IMG_9160.png,https://f004.backblazeb2.com/file/dof-mos/Scene8/fl_45/dir_03_demo/0031_center_IMG_9160_15.0_-0.42.jpg,https://f004.backblazeb2.com/file/dof-mos/Scene8/fl_45/dir_04_bokehlicious_fl_45_A_13_intp/0031_center_net_large_f13.0_IMG_9160.png
https://f004.backblazeb2.com/file/dof-mos/Scene8/fl_45/dir_00_F2.8_align_whitebal/0032_center_IMG_9169.png,https://f004.backblazeb2.com/file/dof-mos/Scene8/fl_45/dir_01_bokehme_dfs20_K40_dispfocus0.15/0032_center_frame_0014.jpg,https://f004.backblazeb2.com/file/dof-mos/Scene8/fl_45/dir_02_drbokeh_K15_fp0.3/0032_center_IMG_9177.png,https://f004.backblazeb2.com/file/dof-mos/Scene8/fl_45/dir_03_demo/0032_center_IMG_9177_15.0_-0.42.jpg,https://f004.backblazeb2.com/file/dof-mos/Scene8/fl_45/dir_04_bokehlicious_fl_45_A_13_intp/0032_center_net_large_f13.0_IMG_9177.png
https://f004.backblazeb2.com/file/dof-mos/Scene8/fl_45/dir_00_F2.8_align_whitebal/0033_center_IMG_9170.png,https://f004.backblazeb2.com/file/dof-mos/Scene8/fl_45/dir_01_bokehme_dfs20_K40_dispfocus0.15/0033_center_frame_0015.jpg,https://f004.backblazeb2.com/file/dof-mos/Scene8/fl_45/dir_02_drbokeh_K15_fp0.3/0033_center_IMG_9178.png,https://f004.backblazeb2.com/file/dof-mos/Scene8/fl_45/dir_03_demo/0033_center_IMG_9178_15.0_-0.42.jpg,https://f004.backblazeb2.com/file/dof-mos/Scene8/fl_45/dir_04_bokehlicious_fl_45_A_13_intp/0033_center_net_large_f13.0_IMG_9178.png
https://f004.backblazeb2.com/file/dof-mos/Scene8/fl_45/dir_00_F2.8_align_whitebal/0034_center_IMG_9187.png,https://f004.backblazeb2.com/file/dof-mos/Scene8/fl_45/dir_01_bokehme_dfs20_K40_dispfocus0.15/0034_center_frame_0016.jpg,https://f004.backblazeb2.com/file/dof-mos/Scene8/fl_45/dir_02_drbokeh_K15_fp0.3/0034_center_IMG_9179.png,https://f004.backblazeb2.com/file/dof-mos/Scene8/fl_45/dir_03_demo/0034_center_IMG_9179_15.0_-0.42.jpg,https://f004.backblazeb2.com/file/dof-mos/Scene8/fl_45/dir_04_bokehlicious_fl_45_A_13_intp/0034_center_net_large_f13.0_IMG_9179.png
https://f004.backblazeb2.com/file/dof-mos/Scene8/fl_45/dir_00_F2.8_align_whitebal/0035_center_IMG_9188.png,https://f004.backblazeb2.com/file/dof-mos/Scene8/fl_45/dir_01_bokehme_dfs20_K40_dispfocus0.15/0035_center_frame_0017.jpg,https://f004.backblazeb2.com/file/dof-mos/Scene8/fl_45/dir_02_drbokeh_K15_fp0.3/0035_center_IMG_9180.png,https://f004.backblazeb2.com/file/dof-mos/Scene8/fl_45/dir_03_demo/0035_center_IMG_9180_15.0_-0.42.jpg,https://f004.backblazeb2.com/file/dof-mos/Scene8/fl_45/dir_04_bokehlicious_fl_45_A_13_intp/0035_center_net_large_f13.0_IMG_9180.png
https://f004.backblazeb2.com/file/dof-mos/Scene8/fl_70/dir_00_F2.8_align_whitebal/0000_top_right_IMG_9692.png,https://f004.backblazeb2.com/file/dof-mos/Scene8/fl_70/dir_01_bokehme_dfs20_K40_dispfocus0.15/0000_top_right_frame_0000.jpg,https://f004.backblazeb2.com/file/dof-mos/Scene8/fl_70/dir_02_drbokeh_K15_fp0.3/0000_top_right_IMG_9684.png,https://f004.backblazeb2.com/file/dof-mos/Scene8/fl_70/dir_03_demo/0000_top_right_IMG_9684_15.0_-0.42.jpg,https://f004.backblazeb2.com/file/dof-mos/Scene8/fl_70/dir_04_bokehlicious_fl_70_A_10_intp/0000_top_right_net_large_f10.0_IMG_9684.png
https://f004.backblazeb2.com/file/dof-mos/Scene8/fl_70/dir_00_F2.8_align_whitebal/0001_top_left_IMG_9693.png,https://f004.backblazeb2.com/file/dof-mos/Scene8/fl_70/dir_01_bokehme_dfs20_K40_dispfocus0.15/0001_top_left_frame_0001.jpg,https://f004.backblazeb2.com/file/dof-mos/Scene8/fl_70/dir_02_drbokeh_K15_fp0.3/0001_top_left_IMG_9685.png,https://f004.backblazeb2.com/file/dof-mos/Scene8/fl_70/dir_03_demo/0001_top_left_IMG_9685_15.0_-0.42.jpg,https://f004.backblazeb2.com/file/dof-mos/Scene8/fl_70/dir_04_bokehlicious_fl_70_A_10_intp/0001_top_left_net_large_f10.0_IMG_9685.png
https://f004.backblazeb2.com/file/dof-mos/Scene8/fl_70/dir_00_F2.8_align_whitebal/0002_bottom_right_IMG_9694.png,https://f004.backblazeb2.com/file/dof-mos/Scene8/fl_70/dir_01_bokehme_dfs20_K40_dispfocus0.15/0002_bottom_right_frame_0002.jpg,https://f004.backblazeb2.com/file/dof-mos/Scene8/fl_70/dir_02_drbokeh_K15_fp0.3/0002_bottom_right_IMG_9702.png,https://f004.backblazeb2.com/file/dof-mos/Scene8/fl_70/dir_03_demo/0002_bottom_right_IMG_9702_15.0_-0.42.jpg,https://f004.backblazeb2.com/file/dof-mos/Scene8/fl_70/dir_04_bokehlicious_fl_70_A_10_intp/0002_bottom_right_net_large_f10.0_IMG_9702.png
https://f004.backblazeb2.com/file/dof-mos/Scene8/fl_70/dir_00_F2.8_align_whitebal/0003_top_right_IMG_9695.png,https://f004.backblazeb2.com/file/dof-mos/Scene8/fl_70/dir_01_bokehme_dfs20_K40_dispfocus0.15/0003_top_right_frame_0003.jpg,https://f004.backblazeb2.com/file/dof-mos/Scene8/fl_70/dir_02_drbokeh_K15_fp0.3/0003_top_right_IMG_9703.png,https://f004.backblazeb2.com/file/dof-mos/Scene8/fl_70/dir_03_demo/0003_top_right_IMG_9703_15.0_-0.42.jpg,https://f004.backblazeb2.com/file/dof-mos/Scene8/fl_70/dir_04_bokehlicious_fl_70_A_10_intp/0003_top_right_net_large_f10.0_IMG_9703.png
https://f004.backblazeb2.com/file/dof-mos/Scene8/fl_70/dir_00_F2.8_align_whitebal/0004_top_right_IMG_9712.png,https://f004.backblazeb2.com/file/dof-mos/Scene8/fl_70/dir_01_bokehme_dfs20_K40_dispfocus0.15/0004_top_right_frame_0004.jpg,https://f004.backblazeb2.com/file/dof-mos/Scene8/fl_70/dir_02_drbokeh_K15_fp0.3/0004_top_right_IMG_9704.png,https://f004.backblazeb2.com/file/dof-mos/Scene8/fl_70/dir_03_demo/0004_top_right_IMG_9704_15.0_-0.42.jpg,https://f004.backblazeb2.com/file/dof-mos/Scene8/fl_70/dir_04_bokehlicious_fl_70_A_10_intp/0004_top_right_net_large_f10.0_IMG_9704.png
https://f004.backblazeb2.com/file/dof-mos/Scene8/fl_70/dir_00_F2.8_align_whitebal/0005_bottom_left_IMG_9713.png,https://f004.backblazeb2.com/file/dof-mos/Scene8/fl_70/dir_01_bokehme_dfs20_K40_dispfocus0.15/0005_bottom_left_frame_0005.jpg,https://f004.backblazeb2.com/file/dof-mos/Scene8/fl_70/dir_02_drbokeh_K15_fp0.3/0005_bottom_left_IMG_9705.png,https://f004.backblazeb2.com/file/dof-mos/Scene8/fl_70/dir_03_demo/0005_bottom_left_IMG_9705_15.0_-0.42.jpg,https://f004.backblazeb2.com/file/dof-mos/Scene8/fl_70/dir_04_bokehlicious_fl_70_A_10_intp/0005_bottom_left_net_large_f10.0_IMG_9705.png
https://f004.backblazeb2.com/file/dof-mos/Scene8/fl_70/dir_00_F2.8_align_whitebal/0006_top_right_IMG_9714.png,https://f004.backblazeb2.com/file/dof-mos/Scene8/fl_70/dir_01_bokehme_dfs20_K40_dispfocus0.15/0006_top_right_frame_0006.jpg,https://f004.backblazeb2.com/file/dof-mos/Scene8/fl_70/dir_02_drbokeh_K15_fp0.3/0006_top_right_IMG_9722.png,https://f004.backblazeb2.com/file/dof-mos/Scene8/fl_70/dir_03_demo/0006_top_right_IMG_9722_15.0_-0.42.jpg,https://f004.backblazeb2.com/file/dof-mos/Scene8/fl_70/dir_04_bokehlicious_fl_70_A_10_intp/0006_top_right_net_large_f10.0_IMG_9722.png
https://f004.backblazeb2.com/file/dof-mos/Scene8/fl_70/dir_00_F2.8_align_whitebal/0007_top_right_IMG_9715.png,https://f004.backblazeb2.com/file/dof-mos/Scene8/fl_70/dir_01_bokehme_dfs20_K40_dispfocus0.15/0007_top_right_frame_0007.jpg,https://f004.backblazeb2.com/file/dof-mos/Scene8/fl_70/dir_02_drbokeh_K15_fp0.3/0007_top_right_IMG_9723.png,https://f004.backblazeb2.com/file/dof-mos/Scene8/fl_70/dir_03_demo/0007_top_right_IMG_9723_15.0_-0.42.jpg,https://f004.backblazeb2.com/file/dof-mos/Scene8/fl_70/dir_04_bokehlicious_fl_70_A_10_intp/0007_top_right_net_large_f10.0_IMG_9723.png
https://f004.backblazeb2.com/file/dof-mos/Scene8/fl_70/dir_00_F2.8_align_whitebal/0008_bottom_right_IMG_9732.png,https://f004.backblazeb2.com/file/dof-mos/Scene8/fl_70/dir_01_bokehme_dfs20_K40_dispfocus0.15/0008_bottom_right_frame_0008.jpg,https://f004.backblazeb2.com/file/dof-mos/Scene8/fl_70/dir_02_drbokeh_K15_fp0.3/0008_bottom_right_IMG_9724.png,https://f004.backblazeb2.com/file/dof-mos/Scene8/fl_70/dir_03_demo/0008_bottom_right_IMG_9724_15.0_-0.42.jpg,https://f004.backblazeb2.com/file/dof-mos/Scene8/fl_70/dir_04_bokehlicious_fl_70_A_10_intp/0008_bottom_right_net_large_f10.0_IMG_9724.png
https://f004.backblazeb2.com/file/dof-mos/Scene8/fl_70/dir_00_F2.8_align_whitebal/0009_top_left_IMG_9733.png,https://f004.backblazeb2.com/file/dof-mos/Scene8/fl_70/dir_01_bokehme_dfs20_K40_dispfocus0.15/0009_top_left_frame_0009.jpg,https://f004.backblazeb2.com/file/dof-mos/Scene8/fl_70/dir_02_drbokeh_K15_fp0.3/0009_top_left_IMG_9725.png,https://f004.backblazeb2.com/file/dof-mos/Scene8/fl_70/dir_03_demo/0009_top_left_IMG_9725_15.0_-0.42.jpg,https://f004.backblazeb2.com/file/dof-mos/Scene8/fl_70/dir_04_bokehlicious_fl_70_A_10_intp/0009_top_left_net_large_f10.0_IMG_9725.png
https://f004.backblazeb2.com/file/dof-mos/Scene8/fl_70/dir_00_F2.8_align_whitebal/0010_top_right_IMG_9734.png,https://f004.backblazeb2.com/file/dof-mos/Scene8/fl_70/dir_01_bokehme_dfs20_K40_dispfocus0.15/0010_top_right_frame_0010.jpg,https://f004.backblazeb2.com/file/dof-mos/Scene8/fl_70/dir_02_drbokeh_K15_fp0.3/0010_top_right_IMG_9742.png,https://f004.backblazeb2.com/file/dof-mos/Scene8/fl_70/dir_03_demo/0010_top_right_IMG_9742_15.0_-0.42.jpg,https://f004.backblazeb2.com/file/dof-mos/Scene8/fl_70/dir_04_bokehlicious_fl_70_A_10_intp/0010_top_right_net_large_f10.0_IMG_9742.png
https://f004.backblazeb2.com/file/dof-mos/Scene8/fl_70/dir_00_F2.8_align_whitebal/0011_top_right_IMG_9735.png,https://f004.backblazeb2.com/file/dof-mos/Scene8/fl_70/dir_01_bokehme_dfs20_K40_dispfocus0.15/0011_top_right_frame_0011.jpg,https://f004.backblazeb2.com/file/dof-mos/Scene8/fl_70/dir_02_drbokeh_K15_fp0.3/0011_top_right_IMG_9743.png,https://f004.backblazeb2.com/file/dof-mos/Scene8/fl_70/dir_03_demo/0011_top_right_IMG_9743_15.0_-0.42.jpg,https://f004.backblazeb2.com/file/dof-mos/Scene8/fl_70/dir_04_bokehlicious_fl_70_A_10_intp/0011_top_right_net_large_f10.0_IMG_9743.png
https://f004.backblazeb2.com/file/dof-mos/Scene8/fl_70/dir_00_F2.8_align_whitebal/0012_bottom_left_IMG_9752.png,https://f004.backblazeb2.com/file/dof-mos/Scene8/fl_70/dir_01_bokehme_dfs20_K40_dispfocus0.15/0012_bottom_left_frame_0012.jpg,https://f004.backblazeb2.com/file/dof-mos/Scene8/fl_70/dir_02_drbokeh_K15_fp0.3/0012_bottom_left_IMG_9744.png,https://f004.backblazeb2.com/file/dof-mos/Scene8/fl_70/dir_03_demo/0012_bottom_left_IMG_9744_15.0_-0.42.jpg,https://f004.backblazeb2.com/file/dof-mos/Scene8/fl_70/dir_04_bokehlicious_fl_70_A_10_intp/0012_bottom_left_net_large_f10.0_IMG_9744.png
https://f004.backblazeb2.com/file/dof-mos/Scene8/fl_70/dir_00_F2.8_align_whitebal/0013_top_left_IMG_9753.png,https://f004.backblazeb2.com/file/dof-mos/Scene8/fl_70/dir_01_bokehme_dfs20_K40_dispfocus0.15/0013_top_left_frame_0013.jpg,https://f004.backblazeb2.com/file/dof-mos/Scene8/fl_70/dir_02_drbokeh_K15_fp0.3/0013_top_left_IMG_9745.png,https://f004.backblazeb2.com/file/dof-mos/Scene8/fl_70/dir_03_demo/0013_top_left_IMG_9745_15.0_-0.42.jpg,https://f004.backblazeb2.com/file/dof-mos/Scene8/fl_70/dir_04_bokehlicious_fl_70_A_10_intp/0013_top_left_net_large_f10.0_IMG_9745.png
https://f004.backblazeb2.com/file/dof-mos/Scene8/fl_70/dir_00_F2.8_align_whitebal/0014_bottom_right_IMG_9754.png,https://f004.backblazeb2.com/file/dof-mos/Scene8/fl_70/dir_01_bokehme_dfs20_K40_dispfocus0.15/0014_bottom_right_frame_0014.jpg,https://f004.backblazeb2.com/file/dof-mos/Scene8/fl_70/dir_02_drbokeh_K15_fp0.3/0014_bottom_right_IMG_9762.png,https://f004.backblazeb2.com/file/dof-mos/Scene8/fl_70/dir_03_demo/0014_bottom_right_IMG_9762_15.0_-0.42.jpg,https://f004.backblazeb2.com/file/dof-mos/Scene8/fl_70/dir_04_bokehlicious_fl_70_A_10_intp/0014_bottom_right_net_large_f10.0_IMG_9762.png
https://f004.backblazeb2.com/file/dof-mos/Scene8/fl_70/dir_00_F2.8_align_whitebal/0015_bottom_right_IMG_9755.png,https://f004.backblazeb2.com/file/dof-mos/Scene8/fl_70/dir_01_bokehme_dfs20_K40_dispfocus0.15/0015_bottom_right_frame_0015.jpg,https://f004.backblazeb2.com/file/dof-mos/Scene8/fl_70/dir_02_drbokeh_K15_fp0.3/0015_bottom_right_IMG_9763.png,https://f004.backblazeb2.com/file/dof-mos/Scene8/fl_70/dir_03_demo/0015_bottom_right_IMG_9763_15.0_-0.42.jpg,https://f004.backblazeb2.com/file/dof-mos/Scene8/fl_70/dir_04_bokehlicious_fl_70_A_10_intp/0015_bottom_right_net_large_f10.0_IMG_9763.png
https://f004.backblazeb2.com/file/dof-mos/Scene8/fl_70/dir_00_F2.8_align_whitebal/0016_bottom_left_IMG_9772.png,https://f004.backblazeb2.com/file/dof-mos/Scene8/fl_70/dir_01_bokehme_dfs20_K40_dispfocus0.15/0016_bottom_left_frame_0016.jpg,https://f004.backblazeb2.com/file/dof-mos/Scene8/fl_70/dir_02_drbokeh_K15_fp0.3/0016_bottom_left_IMG_9764.png,https://f004.backblazeb2.com/file/dof-mos/Scene8/fl_70/dir_03_demo/0016_bottom_left_IMG_9764_15.0_-0.42.jpg,https://f004.backblazeb2.com/file/dof-mos/Scene8/fl_70/dir_04_bokehlicious_fl_70_A_10_intp/0016_bottom_left_net_large_f10.0_IMG_9764.png
https://f004.backblazeb2.com/file/dof-mos/Scene8/fl_70/dir_00_F2.8_align_whitebal/0017_bottom_right_IMG_9773.png,https://f004.backblazeb2.com/file/dof-mos/Scene8/fl_70/dir_01_bokehme_dfs20_K40_dispfocus0.15/0017_bottom_right_frame_0017.jpg,https://f004.backblazeb2.com/file/dof-mos/Scene8/fl_70/dir_02_drbokeh_K15_fp0.3/0017_bottom_right_IMG_9765.png,https://f004.backblazeb2.com/file/dof-mos/Scene8/fl_70/dir_03_demo/0017_bottom_right_IMG_9765_15.0_-0.42.jpg,https://f004.backblazeb2.com/file/dof-mos/Scene8/fl_70/dir_04_bokehlicious_fl_70_A_10_intp/0017_bottom_right_net_large_f10.0_IMG_9765.png
https://f004.backblazeb2.com/file/dof-mos/Scene8/fl_70/dir_00_F2.8_align_whitebal/0018_center_IMG_9692.png,https://f004.backblazeb2.com/file/dof-mos/Scene8/fl_70/dir_01_bokehme_dfs20_K40_dispfocus0.15/0018_center_frame_0000.jpg,https://f004.backblazeb2.com/file/dof-mos/Scene8/fl_70/dir_02_drbokeh_K15_fp0.3/0018_center_IMG_9684.png,https://f004.backblazeb2.com/file/dof-mos/Scene8/fl_70/dir_03_demo/0018_center_IMG_9684_15.0_-0.42.jpg,https://f004.backblazeb2.com/file/dof-mos/Scene8/fl_70/dir_04_bokehlicious_fl_70_A_10_intp/0018_center_net_large_f10.0_IMG_9684.png
https://f004.backblazeb2.com/file/dof-mos/Scene8/fl_70/dir_00_F2.8_align_whitebal/0019_center_IMG_9693.png,https://f004.backblazeb2.com/file/dof-mos/Scene8/fl_70/dir_01_bokehme_dfs20_K40_dispfocus0.15/0019_center_frame_0001.jpg,https://f004.backblazeb2.com/file/dof-mos/Scene8/fl_70/dir_02_drbokeh_K15_fp0.3/0019_center_IMG_9685.png,https://f004.backblazeb2.com/file/dof-mos/Scene8/fl_70/dir_03_demo/0019_center_IMG_9685_15.0_-0.42.jpg,https://f004.backblazeb2.com/file/dof-mos/Scene8/fl_70/dir_04_bokehlicious_fl_70_A_10_intp/0019_center_net_large_f10.0_IMG_9685.png
https://f004.backblazeb2.com/file/dof-mos/Scene8/fl_70/dir_00_F2.8_align_whitebal/0020_center_IMG_9694.png,https://f004.backblazeb2.com/file/dof-mos/Scene8/fl_70/dir_01_bokehme_dfs20_K40_dispfocus0.15/0020_center_frame_0002.jpg,https://f004.backblazeb2.com/file/dof-mos/Scene8/fl_70/dir_02_drbokeh_K15_fp0.3/0020_center_IMG_9702.png,https://f004.backblazeb2.com/file/dof-mos/Scene8/fl_70/dir_03_demo/0020_center_IMG_9702_15.0_-0.42.jpg,https://f004.backblazeb2.com/file/dof-mos/Scene8/fl_70/dir_04_bokehlicious_fl_70_A_10_intp/0020_center_net_large_f10.0_IMG_9702.png
https://f004.backblazeb2.com/file/dof-mos/Scene8/fl_70/dir_00_F2.8_align_whitebal/0021_center_IMG_9695.png,https://f004.backblazeb2.com/file/dof-mos/Scene8/fl_70/dir_01_bokehme_dfs20_K40_dispfocus0.15/0021_center_frame_0003.jpg,https://f004.backblazeb2.com/file/dof-mos/Scene8/fl_70/dir_02_drbokeh_K15_fp0.3/0021_center_IMG_9703.png,https://f004.backblazeb2.com/file/dof-mos/Scene8/fl_70/dir_03_demo/0021_center_IMG_9703_15.0_-0.42.jpg,https://f004.backblazeb2.com/file/dof-mos/Scene8/fl_70/dir_04_bokehlicious_fl_70_A_10_intp/0021_center_net_large_f10.0_IMG_9703.png
https://f004.backblazeb2.com/file/dof-mos/Scene8/fl_70/dir_00_F2.8_align_whitebal/0022_center_IMG_9712.png,https://f004.backblazeb2.com/file/dof-mos/Scene8/fl_70/dir_01_bokehme_dfs20_K40_dispfocus0.15/0022_center_frame_0004.jpg,https://f004.backblazeb2.com/file/dof-mos/Scene8/fl_70/dir_02_drbokeh_K15_fp0.3/0022_center_IMG_9704.png,https://f004.backblazeb2.com/file/dof-mos/Scene8/fl_70/dir_03_demo/0022_center_IMG_9704_15.0_-0.42.jpg,https://f004.backblazeb2.com/file/dof-mos/Scene8/fl_70/dir_04_bokehlicious_fl_70_A_10_intp/0022_center_net_large_f10.0_IMG_9704.png
https://f004.backblazeb2.com/file/dof-mos/Scene8/fl_70/dir_00_F2.8_align_whitebal/0023_center_IMG_9713.png,https://f004.backblazeb2.com/file/dof-mos/Scene8/fl_70/dir_01_bokehme_dfs20_K40_dispfocus0.15/0023_center_frame_0005.jpg,https://f004.backblazeb2.com/file/dof-mos/Scene8/fl_70/dir_02_drbokeh_K15_fp0.3/0023_center_IMG_9705.png,https://f004.backblazeb2.com/file/dof-mos/Scene8/fl_70/dir_03_demo/0023_center_IMG_9705_15.0_-0.42.jpg,https://f004.backblazeb2.com/file/dof-mos/Scene8/fl_70/dir_04_bokehlicious_fl_70_A_10_intp/0023_center_net_large_f10.0_IMG_9705.png
https://f004.backblazeb2.com/file/dof-mos/Scene8/fl_70/dir_00_F2.8_align_whitebal/0024_center_IMG_9714.png,https://f004.backblazeb2.com/file/dof-mos/Scene8/fl_70/dir_01_bokehme_dfs20_K40_dispfocus0.15/0024_center_frame_0006.jpg,https://f004.backblazeb2.com/file/dof-mos/Scene8/fl_70/dir_02_drbokeh_K15_fp0.3/0024_center_IMG_9722.png,https://f004.backblazeb2.com/file/dof-mos/Scene8/fl_70/dir_03_demo/0024_center_IMG_9722_15.0_-0.42.jpg,https://f004.backblazeb2.com/file/dof-mos/Scene8/fl_70/dir_04_bokehlicious_fl_70_A_10_intp/0024_center_net_large_f10.0_IMG_9722.png
https://f004.backblazeb2.com/file/dof-mos/Scene8/fl_70/dir_00_F2.8_align_whitebal/0025_center_IMG_9715.png,https://f004.backblazeb2.com/file/dof-mos/Scene8/fl_70/dir_01_bokehme_dfs20_K40_dispfocus0.15/0025_center_frame_0007.jpg,https://f004.backblazeb2.com/file/dof-mos/Scene8/fl_70/dir_02_drbokeh_K15_fp0.3/0025_center_IMG_9723.png,https://f004.backblazeb2.com/file/dof-mos/Scene8/fl_70/dir_03_demo/0025_center_IMG_9723_15.0_-0.42.jpg,https://f004.backblazeb2.com/file/dof-mos/Scene8/fl_70/dir_04_bokehlicious_fl_70_A_10_intp/0025_center_net_large_f10.0_IMG_9723.png
https://f004.backblazeb2.com/file/dof-mos/Scene8/fl_70/dir_00_F2.8_align_whitebal/0026_center_IMG_9732.png,https://f004.backblazeb2.com/file/dof-mos/Scene8/fl_70/dir_01_bokehme_dfs20_K40_dispfocus0.15/0026_center_frame_0008.jpg,https://f004.backblazeb2.com/file/dof-mos/Scene8/fl_70/dir_02_drbokeh_K15_fp0.3/0026_center_IMG_9724.png,https://f004.backblazeb2.com/file/dof-mos/Scene8/fl_70/dir_03_demo/0026_center_IMG_9724_15.0_-0.42.jpg,https://f004.backblazeb2.com/file/dof-mos/Scene8/fl_70/dir_04_bokehlicious_fl_70_A_10_intp/0026_center_net_large_f10.0_IMG_9724.png
https://f004.backblazeb2.com/file/dof-mos/Scene8/fl_70/dir_00_F2.8_align_whitebal/0027_center_IMG_9733.png,https://f004.backblazeb2.com/file/dof-mos/Scene8/fl_70/dir_01_bokehme_dfs20_K40_dispfocus0.15/0027_center_frame_0009.jpg,https://f004.backblazeb2.com/file/dof-mos/Scene8/fl_70/dir_02_drbokeh_K15_fp0.3/0027_center_IMG_9725.png,https://f004.backblazeb2.com/file/dof-mos/Scene8/fl_70/dir_03_demo/0027_center_IMG_9725_15.0_-0.42.jpg,https://f004.backblazeb2.com/file/dof-mos/Scene8/fl_70/dir_04_bokehlicious_fl_70_A_10_intp/0027_center_net_large_f10.0_IMG_9725.png
https://f004.backblazeb2.com/file/dof-mos/Scene8/fl_70/dir_00_F2.8_align_whitebal/0028_center_IMG_9734.png,https://f004.backblazeb2.com/file/dof-mos/Scene8/fl_70/dir_01_bokehme_dfs20_K40_dispfocus0.15/0028_center_frame_0010.jpg,https://f004.backblazeb2.com/file/dof-mos/Scene8/fl_70/dir_02_drbokeh_K15_fp0.3/0028_center_IMG_9742.png,https://f004.backblazeb2.com/file/dof-mos/Scene8/fl_70/dir_03_demo/0028_center_IMG_9742_15.0_-0.42.jpg,https://f004.backblazeb2.com/file/dof-mos/Scene8/fl_70/dir_04_bokehlicious_fl_70_A_10_intp/0028_center_net_large_f10.0_IMG_9742.png
https://f004.backblazeb2.com/file/dof-mos/Scene8/fl_70/dir_00_F2.8_align_whitebal/0029_center_IMG_9735.png,https://f004.backblazeb2.com/file/dof-mos/Scene8/fl_70/dir_01_bokehme_dfs20_K40_dispfocus0.15/0029_center_frame_0011.jpg,https://f004.backblazeb2.com/file/dof-mos/Scene8/fl_70/dir_02_drbokeh_K15_fp0.3/0029_center_IMG_9743.png,https://f004.backblazeb2.com/file/dof-mos/Scene8/fl_70/dir_03_demo/0029_center_IMG_9743_15.0_-0.42.jpg,https://f004.backblazeb2.com/file/dof-mos/Scene8/fl_70/dir_04_bokehlicious_fl_70_A_10_intp/0029_center_net_large_f10.0_IMG_9743.png
https://f004.backblazeb2.com/file/dof-mos/Scene8/fl_70/dir_00_F2.8_align_whitebal/0030_center_IMG_9752.png,https://f004.backblazeb2.com/file/dof-mos/Scene8/fl_70/dir_01_bokehme_dfs20_K40_dispfocus0.15/0030_center_frame_0012.jpg,https://f004.backblazeb2.com/file/dof-mos/Scene8/fl_70/dir_02_drbokeh_K15_fp0.3/0030_center_IMG_9744.png,https://f004.backblazeb2.com/file/dof-mos/Scene8/fl_70/dir_03_demo/0030_center_IMG_9744_15.0_-0.42.jpg,https://f004.backblazeb2.com/file/dof-mos/Scene8/fl_70/dir_04_bokehlicious_fl_70_A_10_intp/0030_center_net_large_f10.0_IMG_9744.png
https://f004.backblazeb2.com/file/dof-mos/Scene8/fl_70/dir_00_F2.8_align_whitebal/0031_center_IMG_9753.png,https://f004.backblazeb2.com/file/dof-mos/Scene8/fl_70/dir_01_bokehme_dfs20_K40_dispfocus0.15/0031_center_frame_0013.jpg,https://f004.backblazeb2.com/file/dof-mos/Scene8/fl_70/dir_02_drbokeh_K15_fp0.3/0031_center_IMG_9745.png,https://f004.backblazeb2.com/file/dof-mos/Scene8/fl_70/dir_03_demo/0031_center_IMG_9745_15.0_-0.42.jpg,https://f004.backblazeb2.com/file/dof-mos/Scene8/fl_70/dir_04_bokehlicious_fl_70_A_10_intp/0031_center_net_large_f10.0_IMG_9745.png
https://f004.backblazeb2.com/file/dof-mos/Scene8/fl_70/dir_00_F2.8_align_whitebal/0032_center_IMG_9754.png,https://f004.backblazeb2.com/file/dof-mos/Scene8/fl_70/dir_01_bokehme_dfs20_K40_dispfocus0.15/0032_center_frame_0014.jpg,https://f004.backblazeb2.com/file/dof-mos/Scene8/fl_70/dir_02_drbokeh_K15_fp0.3/0032_center_IMG_9762.png,https://f004.backblazeb2.com/file/dof-mos/Scene8/fl_70/dir_03_demo/0032_center_IMG_9762_15.0_-0.42.jpg,https://f004.backblazeb2.com/file/dof-mos/Scene8/fl_70/dir_04_bokehlicious_fl_70_A_10_intp/0032_center_net_large_f10.0_IMG_9762.png
https://f004.backblazeb2.com/file/dof-mos/Scene8/fl_70/dir_00_F2.8_align_whitebal/0033_center_IMG_9755.png,https://f004.backblazeb2.com/file/dof-mos/Scene8/fl_70/dir_01_bokehme_dfs20_K40_dispfocus0.15/0033_center_frame_0015.jpg,https://f004.backblazeb2.com/file/dof-mos/Scene8/fl_70/dir_02_drbokeh_K15_fp0.3/0033_center_IMG_9763.png,https://f004.backblazeb2.com/file/dof-mos/Scene8/fl_70/dir_03_demo/0033_center_IMG_9763_15.0_-0.42.jpg,https://f004.backblazeb2.com/file/dof-mos/Scene8/fl_70/dir_04_bokehlicious_fl_70_A_10_intp/0033_center_net_large_f10.0_IMG_9763.png
https://f004.backblazeb2.com/file/dof-mos/Scene8/fl_70/dir_00_F2.8_align_whitebal/0034_center_IMG_9772.png,https://f004.backblazeb2.com/file/dof-mos/Scene8/fl_70/dir_01_bokehme_dfs20_K40_dispfocus0.15/0034_center_frame_0016.jpg,https://f004.backblazeb2.com/file/dof-mos/Scene8/fl_70/dir_02_drbokeh_K15_fp0.3/0034_center_IMG_9764.png,https://f004.backblazeb2.com/file/dof-mos/Scene8/fl_70/dir_03_demo/0034_center_IMG_9764_15.0_-0.42.jpg,https://f004.backblazeb2.com/file/dof-mos/Scene8/fl_70/dir_04_bokehlicious_fl_70_A_10_intp/0034_center_net_large_f10.0_IMG_9764.png
https://f004.backblazeb2.com/file/dof-mos/Scene8/fl_70/dir_00_F2.8_align_whitebal/0035_center_IMG_9773.png,https://f004.backblazeb2.com/file/dof-mos/Scene8/fl_70/dir_01_bokehme_dfs20_K40_dispfocus0.15/0035_center_frame_0017.jpg,https://f004.backblazeb2.com/file/dof-mos/Scene8/fl_70/dir_02_drbokeh_K15_fp0.3/0035_center_IMG_9765.png,https://f004.backblazeb2.com/file/dof-mos/Scene8/fl_70/dir_03_demo/0035_center_IMG_9765_15.0_-0.42.jpg,https://f004.backblazeb2.com/file/dof-mos/Scene8/fl_70/dir_04_bokehlicious_fl_70_A_10_intp/0035_center_net_large_f10.0_IMG_9765.png
